date_key,full_date,day_of_week,day_name,is_weekend,week_of_year,month_number,month_name,quarter,year,fiscal_year,fiscal_quarter,season,is_holiday,holiday_name
20210101,2021-01-01,5,Friday,False,53,1,January,1,2021,2020,FQ4,Winter,True,New Year
20210102,2021-01-02,6,Saturday,True,53,1,January,1,2021,2020,FQ4,Winter,False,
20210103,2021-01-03,7,Sunday,True,53,1,January,1,2021,2020,FQ4,Winter,False,
20210104,2021-01-04,1,Monday,False,1,1,January,1,2021,2020,FQ4,Winter,False,
20210105,2021-01-05,2,Tuesday,False,1,1,January,1,2021,2020,FQ4,Winter,False,
20210106,2021-01-06,3,Wednesday,False,1,1,January,1,2021,2020,FQ4,Winter,False,
20210107,2021-01-07,4,Thursday,False,1,1,January,1,2021,2020,FQ4,Winter,False,
20210108,2021-01-08,5,Friday,False,1,1,January,1,2021,2020,FQ4,Winter,False,
20210109,2021-01-09,6,Saturday,True,1,1,January,1,2021,2020,FQ4,Winter,False,
20210110,2021-01-10,7,Sunday,True,1,1,January,1,2021,2020,FQ4,Winter,False,
20210111,2021-01-11,1,Monday,False,2,1,January,1,2021,2020,FQ4,Winter,False,
20210112,2021-01-12,2,Tuesday,False,2,1,January,1,2021,2020,FQ4,Winter,False,
20210113,2021-01-13,3,Wednesday,False,2,1,January,1,2021,2020,FQ4,Winter,False,
20210114,2021-01-14,4,Thursday,False,2,1,January,1,2021,2020,FQ4,Winter,False,
20210115,2021-01-15,5,Friday,False,2,1,January,1,2021,2020,FQ4,Winter,False,
20210116,2021-01-16,6,Saturday,True,2,1,January,1,2021,2020,FQ4,Winter,False,
20210117,2021-01-17,7,Sunday,True,2,1,January,1,2021,2020,FQ4,Winter,False,
20210118,2021-01-18,1,Monday,False,3,1,January,1,2021,2020,FQ4,Winter,False,
20210119,2021-01-19,2,Tuesday,False,3,1,January,1,2021,2020,FQ4,Winter,False,
20210120,2021-01-20,3,Wednesday,False,3,1,January,1,2021,2020,FQ4,Winter,False,
20210121,2021-01-21,4,Thursday,False,3,1,January,1,2021,2020,FQ4,Winter,False,
20210122,2021-01-22,5,Friday,False,3,1,January,1,2021,2020,FQ4,Winter,False,
20210123,2021-01-23,6,Saturday,True,3,1,January,1,2021,2020,FQ4,Winter,False,
20210124,2021-01-24,7,Sunday,True,3,1,January,1,2021,2020,FQ4,Winter,False,
20210125,2021-01-25,1,Monday,False,4,1,January,1,2021,2020,FQ4,Winter,False,
20210126,2021-01-26,2,Tuesday,False,4,1,January,1,2021,2020,FQ4,Winter,False,
20210127,2021-01-27,3,Wednesday,False,4,1,January,1,2021,2020,FQ4,Winter,False,
20210128,2021-01-28,4,Thursday,False,4,1,January,1,2021,2020,FQ4,Winter,False,
20210129,2021-01-29,5,Friday,False,4,1,January,1,2021,2020,FQ4,Winter,False,
20210130,2021-01-30,6,Saturday,True,4,1,January,1,2021,2020,FQ4,Winter,False,
20210131,2021-01-31,7,Sunday,True,4,1,January,1,2021,2020,FQ4,Winter,False,
20210201,2021-02-01,1,Monday,False,5,2,February,1,2021,2021,FQ1,Winter,False,
20210202,2021-02-02,2,Tuesday,False,5,2,February,1,2021,2021,FQ1,Winter,False,
20210203,2021-02-03,3,Wednesday,False,5,2,February,1,2021,2021,FQ1,Winter,False,
20210204,2021-02-04,4,Thursday,False,5,2,February,1,2021,2021,FQ1,Winter,False,
20210205,2021-02-05,5,Friday,False,5,2,February,1,2021,2021,FQ1,Winter,False,
20210206,2021-02-06,6,Saturday,True,5,2,February,1,2021,2021,FQ1,Winter,False,
20210207,2021-02-07,7,Sunday,True,5,2,February,1,2021,2021,FQ1,Winter,False,
20210208,2021-02-08,1,Monday,False,6,2,February,1,2021,2021,FQ1,Winter,False,
20210209,2021-02-09,2,Tuesday,False,6,2,February,1,2021,2021,FQ1,Winter,False,
20210210,2021-02-10,3,Wednesday,False,6,2,February,1,2021,2021,FQ1,Winter,False,
20210211,2021-02-11,4,Thursday,False,6,2,February,1,2021,2021,FQ1,Winter,False,
20210212,2021-02-12,5,Friday,False,6,2,February,1,2021,2021,FQ1,Winter,False,
20210213,2021-02-13,6,Saturday,True,6,2,February,1,2021,2021,FQ1,Winter,False,
20210214,2021-02-14,7,Sunday,True,6,2,February,1,2021,2021,FQ1,Winter,False,
20210215,2021-02-15,1,Monday,False,7,2,February,1,2021,2021,FQ1,Winter,False,
20210216,2021-02-16,2,Tuesday,False,7,2,February,1,2021,2021,FQ1,Winter,False,
20210217,2021-02-17,3,Wednesday,False,7,2,February,1,2021,2021,FQ1,Winter,False,
20210218,2021-02-18,4,Thursday,False,7,2,February,1,2021,2021,FQ1,Winter,False,
20210219,2021-02-19,5,Friday,False,7,2,February,1,2021,2021,FQ1,Winter,False,
20210220,2021-02-20,6,Saturday,True,7,2,February,1,2021,2021,FQ1,Winter,False,
20210221,2021-02-21,7,Sunday,True,7,2,February,1,2021,2021,FQ1,Winter,False,
20210222,2021-02-22,1,Monday,False,8,2,February,1,2021,2021,FQ1,Winter,False,
20210223,2021-02-23,2,Tuesday,False,8,2,February,1,2021,2021,FQ1,Winter,False,
20210224,2021-02-24,3,Wednesday,False,8,2,February,1,2021,2021,FQ1,Winter,False,
20210225,2021-02-25,4,Thursday,False,8,2,February,1,2021,2021,FQ1,Winter,False,
20210226,2021-02-26,5,Friday,False,8,2,February,1,2021,2021,FQ1,Winter,False,
20210227,2021-02-27,6,Saturday,True,8,2,February,1,2021,2021,FQ1,Winter,False,
20210228,2021-02-28,7,Sunday,True,8,2,February,1,2021,2021,FQ1,Winter,False,
20210301,2021-03-01,1,Monday,False,9,3,March,1,2021,2021,FQ1,Spring,False,
20210302,2021-03-02,2,Tuesday,False,9,3,March,1,2021,2021,FQ1,Spring,False,
20210303,2021-03-03,3,Wednesday,False,9,3,March,1,2021,2021,FQ1,Spring,False,
20210304,2021-03-04,4,Thursday,False,9,3,March,1,2021,2021,FQ1,Spring,False,
20210305,2021-03-05,5,Friday,False,9,3,March,1,2021,2021,FQ1,Spring,False,
20210306,2021-03-06,6,Saturday,True,9,3,March,1,2021,2021,FQ1,Spring,False,
20210307,2021-03-07,7,Sunday,True,9,3,March,1,2021,2021,FQ1,Spring,False,
20210308,2021-03-08,1,Monday,False,10,3,March,1,2021,2021,FQ1,Spring,False,
20210309,2021-03-09,2,Tuesday,False,10,3,March,1,2021,2021,FQ1,Spring,False,
20210310,2021-03-10,3,Wednesday,False,10,3,March,1,2021,2021,FQ1,Spring,False,
20210311,2021-03-11,4,Thursday,False,10,3,March,1,2021,2021,FQ1,Spring,False,
20210312,2021-03-12,5,Friday,False,10,3,March,1,2021,2021,FQ1,Spring,False,
20210313,2021-03-13,6,Saturday,True,10,3,March,1,2021,2021,FQ1,Spring,False,
20210314,2021-03-14,7,Sunday,True,10,3,March,1,2021,2021,FQ1,Spring,False,
20210315,2021-03-15,1,Monday,False,11,3,March,1,2021,2021,FQ1,Spring,False,
20210316,2021-03-16,2,Tuesday,False,11,3,March,1,2021,2021,FQ1,Spring,False,
20210317,2021-03-17,3,Wednesday,False,11,3,March,1,2021,2021,FQ1,Spring,False,
20210318,2021-03-18,4,Thursday,False,11,3,March,1,2021,2021,FQ1,Spring,False,
20210319,2021-03-19,5,Friday,False,11,3,March,1,2021,2021,FQ1,Spring,False,
20210320,2021-03-20,6,Saturday,True,11,3,March,1,2021,2021,FQ1,Spring,False,
20210321,2021-03-21,7,Sunday,True,11,3,March,1,2021,2021,FQ1,Spring,False,
20210322,2021-03-22,1,Monday,False,12,3,March,1,2021,2021,FQ1,Spring,False,
20210323,2021-03-23,2,Tuesday,False,12,3,March,1,2021,2021,FQ1,Spring,False,
20210324,2021-03-24,3,Wednesday,False,12,3,March,1,2021,2021,FQ1,Spring,False,
20210325,2021-03-25,4,Thursday,False,12,3,March,1,2021,2021,FQ1,Spring,False,
20210326,2021-03-26,5,Friday,False,12,3,March,1,2021,2021,FQ1,Spring,False,
20210327,2021-03-27,6,Saturday,True,12,3,March,1,2021,2021,FQ1,Spring,False,
20210328,2021-03-28,7,Sunday,True,12,3,March,1,2021,2021,FQ1,Spring,False,
20210329,2021-03-29,1,Monday,False,13,3,March,1,2021,2021,FQ1,Spring,False,
20210330,2021-03-30,2,Tuesday,False,13,3,March,1,2021,2021,FQ1,Spring,False,
20210331,2021-03-31,3,Wednesday,False,13,3,March,1,2021,2021,FQ1,Spring,False,
20210401,2021-04-01,4,Thursday,False,13,4,April,2,2021,2021,FQ1,Spring,False,
20210402,2021-04-02,5,Friday,False,13,4,April,2,2021,2021,FQ1,Spring,False,
20210403,2021-04-03,6,Saturday,True,13,4,April,2,2021,2021,FQ1,Spring,False,
20210404,2021-04-04,7,Sunday,True,13,4,April,2,2021,2021,FQ1,Spring,False,
20210405,2021-04-05,1,Monday,False,14,4,April,2,2021,2021,FQ1,Spring,False,
20210406,2021-04-06,2,Tuesday,False,14,4,April,2,2021,2021,FQ1,Spring,False,
20210407,2021-04-07,3,Wednesday,False,14,4,April,2,2021,2021,FQ1,Spring,False,
20210408,2021-04-08,4,Thursday,False,14,4,April,2,2021,2021,FQ1,Spring,False,
20210409,2021-04-09,5,Friday,False,14,4,April,2,2021,2021,FQ1,Spring,False,
20210410,2021-04-10,6,Saturday,True,14,4,April,2,2021,2021,FQ1,Spring,False,
20210411,2021-04-11,7,Sunday,True,14,4,April,2,2021,2021,FQ1,Spring,False,
20210412,2021-04-12,1,Monday,False,15,4,April,2,2021,2021,FQ1,Spring,False,
20210413,2021-04-13,2,Tuesday,False,15,4,April,2,2021,2021,FQ1,Spring,False,
20210414,2021-04-14,3,Wednesday,False,15,4,April,2,2021,2021,FQ1,Spring,False,
20210415,2021-04-15,4,Thursday,False,15,4,April,2,2021,2021,FQ1,Spring,False,
20210416,2021-04-16,5,Friday,False,15,4,April,2,2021,2021,FQ1,Spring,False,
20210417,2021-04-17,6,Saturday,True,15,4,April,2,2021,2021,FQ1,Spring,False,
20210418,2021-04-18,7,Sunday,True,15,4,April,2,2021,2021,FQ1,Spring,False,
20210419,2021-04-19,1,Monday,False,16,4,April,2,2021,2021,FQ1,Spring,False,
20210420,2021-04-20,2,Tuesday,False,16,4,April,2,2021,2021,FQ1,Spring,False,
20210421,2021-04-21,3,Wednesday,False,16,4,April,2,2021,2021,FQ1,Spring,False,
20210422,2021-04-22,4,Thursday,False,16,4,April,2,2021,2021,FQ1,Spring,False,
20210423,2021-04-23,5,Friday,False,16,4,April,2,2021,2021,FQ1,Spring,False,
20210424,2021-04-24,6,Saturday,True,16,4,April,2,2021,2021,FQ1,Spring,False,
20210425,2021-04-25,7,Sunday,True,16,4,April,2,2021,2021,FQ1,Spring,False,
20210426,2021-04-26,1,Monday,False,17,4,April,2,2021,2021,FQ1,Spring,False,
20210427,2021-04-27,2,Tuesday,False,17,4,April,2,2021,2021,FQ1,Spring,False,
20210428,2021-04-28,3,Wednesday,False,17,4,April,2,2021,2021,FQ1,Spring,False,
20210429,2021-04-29,4,Thursday,False,17,4,April,2,2021,2021,FQ1,Spring,False,
20210430,2021-04-30,5,Friday,False,17,4,April,2,2021,2021,FQ1,Spring,False,
20210501,2021-05-01,6,Saturday,True,17,5,May,2,2021,2021,FQ2,Spring,False,
20210502,2021-05-02,7,Sunday,True,17,5,May,2,2021,2021,FQ2,Spring,False,
20210503,2021-05-03,1,Monday,False,18,5,May,2,2021,2021,FQ2,Spring,False,
20210504,2021-05-04,2,Tuesday,False,18,5,May,2,2021,2021,FQ2,Spring,False,
20210505,2021-05-05,3,Wednesday,False,18,5,May,2,2021,2021,FQ2,Spring,False,
20210506,2021-05-06,4,Thursday,False,18,5,May,2,2021,2021,FQ2,Spring,False,
20210507,2021-05-07,5,Friday,False,18,5,May,2,2021,2021,FQ2,Spring,False,
20210508,2021-05-08,6,Saturday,True,18,5,May,2,2021,2021,FQ2,Spring,False,
20210509,2021-05-09,7,Sunday,True,18,5,May,2,2021,2021,FQ2,Spring,False,
20210510,2021-05-10,1,Monday,False,19,5,May,2,2021,2021,FQ2,Spring,False,
20210511,2021-05-11,2,Tuesday,False,19,5,May,2,2021,2021,FQ2,Spring,False,
20210512,2021-05-12,3,Wednesday,False,19,5,May,2,2021,2021,FQ2,Spring,False,
20210513,2021-05-13,4,Thursday,False,19,5,May,2,2021,2021,FQ2,Spring,False,
20210514,2021-05-14,5,Friday,False,19,5,May,2,2021,2021,FQ2,Spring,False,
20210515,2021-05-15,6,Saturday,True,19,5,May,2,2021,2021,FQ2,Spring,False,
20210516,2021-05-16,7,Sunday,True,19,5,May,2,2021,2021,FQ2,Spring,False,
20210517,2021-05-17,1,Monday,False,20,5,May,2,2021,2021,FQ2,Spring,False,
20210518,2021-05-18,2,Tuesday,False,20,5,May,2,2021,2021,FQ2,Spring,False,
20210519,2021-05-19,3,Wednesday,False,20,5,May,2,2021,2021,FQ2,Spring,False,
20210520,2021-05-20,4,Thursday,False,20,5,May,2,2021,2021,FQ2,Spring,False,
20210521,2021-05-21,5,Friday,False,20,5,May,2,2021,2021,FQ2,Spring,False,
20210522,2021-05-22,6,Saturday,True,20,5,May,2,2021,2021,FQ2,Spring,False,
20210523,2021-05-23,7,Sunday,True,20,5,May,2,2021,2021,FQ2,Spring,False,
20210524,2021-05-24,1,Monday,False,21,5,May,2,2021,2021,FQ2,Spring,False,
20210525,2021-05-25,2,Tuesday,False,21,5,May,2,2021,2021,FQ2,Spring,False,
20210526,2021-05-26,3,Wednesday,False,21,5,May,2,2021,2021,FQ2,Spring,False,
20210527,2021-05-27,4,Thursday,False,21,5,May,2,2021,2021,FQ2,Spring,False,
20210528,2021-05-28,5,Friday,False,21,5,May,2,2021,2021,FQ2,Spring,False,
20210529,2021-05-29,6,Saturday,True,21,5,May,2,2021,2021,FQ2,Spring,False,
20210530,2021-05-30,7,Sunday,True,21,5,May,2,2021,2021,FQ2,Spring,False,
20210531,2021-05-31,1,Monday,False,22,5,May,2,2021,2021,FQ2,Spring,False,
20210601,2021-06-01,2,Tuesday,False,22,6,June,2,2021,2021,FQ2,Summer,False,
20210602,2021-06-02,3,Wednesday,False,22,6,June,2,2021,2021,FQ2,Summer,False,
20210603,2021-06-03,4,Thursday,False,22,6,June,2,2021,2021,FQ2,Summer,False,
20210604,2021-06-04,5,Friday,False,22,6,June,2,2021,2021,FQ2,Summer,False,
20210605,2021-06-05,6,Saturday,True,22,6,June,2,2021,2021,FQ2,Summer,False,
20210606,2021-06-06,7,Sunday,True,22,6,June,2,2021,2021,FQ2,Summer,False,
20210607,2021-06-07,1,Monday,False,23,6,June,2,2021,2021,FQ2,Summer,False,
20210608,2021-06-08,2,Tuesday,False,23,6,June,2,2021,2021,FQ2,Summer,False,
20210609,2021-06-09,3,Wednesday,False,23,6,June,2,2021,2021,FQ2,Summer,False,
20210610,2021-06-10,4,Thursday,False,23,6,June,2,2021,2021,FQ2,Summer,False,
20210611,2021-06-11,5,Friday,False,23,6,June,2,2021,2021,FQ2,Summer,False,
20210612,2021-06-12,6,Saturday,True,23,6,June,2,2021,2021,FQ2,Summer,False,
20210613,2021-06-13,7,Sunday,True,23,6,June,2,2021,2021,FQ2,Summer,False,
20210614,2021-06-14,1,Monday,False,24,6,June,2,2021,2021,FQ2,Summer,False,
20210615,2021-06-15,2,Tuesday,False,24,6,June,2,2021,2021,FQ2,Summer,False,
20210616,2021-06-16,3,Wednesday,False,24,6,June,2,2021,2021,FQ2,Summer,False,
20210617,2021-06-17,4,Thursday,False,24,6,June,2,2021,2021,FQ2,Summer,False,
20210618,2021-06-18,5,Friday,False,24,6,June,2,2021,2021,FQ2,Summer,False,
20210619,2021-06-19,6,Saturday,True,24,6,June,2,2021,2021,FQ2,Summer,False,
20210620,2021-06-20,7,Sunday,True,24,6,June,2,2021,2021,FQ2,Summer,False,
20210621,2021-06-21,1,Monday,False,25,6,June,2,2021,2021,FQ2,Summer,False,
20210622,2021-06-22,2,Tuesday,False,25,6,June,2,2021,2021,FQ2,Summer,False,
20210623,2021-06-23,3,Wednesday,False,25,6,June,2,2021,2021,FQ2,Summer,False,
20210624,2021-06-24,4,Thursday,False,25,6,June,2,2021,2021,FQ2,Summer,False,
20210625,2021-06-25,5,Friday,False,25,6,June,2,2021,2021,FQ2,Summer,False,
20210626,2021-06-26,6,Saturday,True,25,6,June,2,2021,2021,FQ2,Summer,False,
20210627,2021-06-27,7,Sunday,True,25,6,June,2,2021,2021,FQ2,Summer,False,
20210628,2021-06-28,1,Monday,False,26,6,June,2,2021,2021,FQ2,Summer,False,
20210629,2021-06-29,2,Tuesday,False,26,6,June,2,2021,2021,FQ2,Summer,False,
20210630,2021-06-30,3,Wednesday,False,26,6,June,2,2021,2021,FQ2,Summer,False,
20210701,2021-07-01,4,Thursday,False,26,7,July,3,2021,2021,FQ2,Summer,False,
20210702,2021-07-02,5,Friday,False,26,7,July,3,2021,2021,FQ2,Summer,False,
20210703,2021-07-03,6,Saturday,True,26,7,July,3,2021,2021,FQ2,Summer,False,
20210704,2021-07-04,7,Sunday,True,26,7,July,3,2021,2021,FQ2,Summer,True,Summer Sale
20210705,2021-07-05,1,Monday,False,27,7,July,3,2021,2021,FQ2,Summer,False,
20210706,2021-07-06,2,Tuesday,False,27,7,July,3,2021,2021,FQ2,Summer,False,
20210707,2021-07-07,3,Wednesday,False,27,7,July,3,2021,2021,FQ2,Summer,False,
20210708,2021-07-08,4,Thursday,False,27,7,July,3,2021,2021,FQ2,Summer,False,
20210709,2021-07-09,5,Friday,False,27,7,July,3,2021,2021,FQ2,Summer,False,
20210710,2021-07-10,6,Saturday,True,27,7,July,3,2021,2021,FQ2,Summer,False,
20210711,2021-07-11,7,Sunday,True,27,7,July,3,2021,2021,FQ2,Summer,False,
20210712,2021-07-12,1,Monday,False,28,7,July,3,2021,2021,FQ2,Summer,False,
20210713,2021-07-13,2,Tuesday,False,28,7,July,3,2021,2021,FQ2,Summer,False,
20210714,2021-07-14,3,Wednesday,False,28,7,July,3,2021,2021,FQ2,Summer,False,
20210715,2021-07-15,4,Thursday,False,28,7,July,3,2021,2021,FQ2,Summer,False,
20210716,2021-07-16,5,Friday,False,28,7,July,3,2021,2021,FQ2,Summer,False,
20210717,2021-07-17,6,Saturday,True,28,7,July,3,2021,2021,FQ2,Summer,False,
20210718,2021-07-18,7,Sunday,True,28,7,July,3,2021,2021,FQ2,Summer,False,
20210719,2021-07-19,1,Monday,False,29,7,July,3,2021,2021,FQ2,Summer,False,
20210720,2021-07-20,2,Tuesday,False,29,7,July,3,2021,2021,FQ2,Summer,False,
20210721,2021-07-21,3,Wednesday,False,29,7,July,3,2021,2021,FQ2,Summer,False,
20210722,2021-07-22,4,Thursday,False,29,7,July,3,2021,2021,FQ2,Summer,False,
20210723,2021-07-23,5,Friday,False,29,7,July,3,2021,2021,FQ2,Summer,False,
20210724,2021-07-24,6,Saturday,True,29,7,July,3,2021,2021,FQ2,Summer,False,
20210725,2021-07-25,7,Sunday,True,29,7,July,3,2021,2021,FQ2,Summer,False,
20210726,2021-07-26,1,Monday,False,30,7,July,3,2021,2021,FQ2,Summer,False,
20210727,2021-07-27,2,Tuesday,False,30,7,July,3,2021,2021,FQ2,Summer,False,
20210728,2021-07-28,3,Wednesday,False,30,7,July,3,2021,2021,FQ2,Summer,False,
20210729,2021-07-29,4,Thursday,False,30,7,July,3,2021,2021,FQ2,Summer,False,
20210730,2021-07-30,5,Friday,False,30,7,July,3,2021,2021,FQ2,Summer,False,
20210731,2021-07-31,6,Saturday,True,30,7,July,3,2021,2021,FQ2,Summer,False,
20210801,2021-08-01,7,Sunday,True,30,8,August,3,2021,2021,FQ3,Summer,False,
20210802,2021-08-02,1,Monday,False,31,8,August,3,2021,2021,FQ3,Summer,False,
20210803,2021-08-03,2,Tuesday,False,31,8,August,3,2021,2021,FQ3,Summer,False,
20210804,2021-08-04,3,Wednesday,False,31,8,August,3,2021,2021,FQ3,Summer,False,
20210805,2021-08-05,4,Thursday,False,31,8,August,3,2021,2021,FQ3,Summer,False,
20210806,2021-08-06,5,Friday,False,31,8,August,3,2021,2021,FQ3,Summer,False,
20210807,2021-08-07,6,Saturday,True,31,8,August,3,2021,2021,FQ3,Summer,False,
20210808,2021-08-08,7,Sunday,True,31,8,August,3,2021,2021,FQ3,Summer,False,
20210809,2021-08-09,1,Monday,False,32,8,August,3,2021,2021,FQ3,Summer,False,
20210810,2021-08-10,2,Tuesday,False,32,8,August,3,2021,2021,FQ3,Summer,False,
20210811,2021-08-11,3,Wednesday,False,32,8,August,3,2021,2021,FQ3,Summer,False,
20210812,2021-08-12,4,Thursday,False,32,8,August,3,2021,2021,FQ3,Summer,False,
20210813,2021-08-13,5,Friday,False,32,8,August,3,2021,2021,FQ3,Summer,False,
20210814,2021-08-14,6,Saturday,True,32,8,August,3,2021,2021,FQ3,Summer,False,
20210815,2021-08-15,7,Sunday,True,32,8,August,3,2021,2021,FQ3,Summer,False,
20210816,2021-08-16,1,Monday,False,33,8,August,3,2021,2021,FQ3,Summer,False,
20210817,2021-08-17,2,Tuesday,False,33,8,August,3,2021,2021,FQ3,Summer,False,
20210818,2021-08-18,3,Wednesday,False,33,8,August,3,2021,2021,FQ3,Summer,False,
20210819,2021-08-19,4,Thursday,False,33,8,August,3,2021,2021,FQ3,Summer,False,
20210820,2021-08-20,5,Friday,False,33,8,August,3,2021,2021,FQ3,Summer,False,
20210821,2021-08-21,6,Saturday,True,33,8,August,3,2021,2021,FQ3,Summer,False,
20210822,2021-08-22,7,Sunday,True,33,8,August,3,2021,2021,FQ3,Summer,False,
20210823,2021-08-23,1,Monday,False,34,8,August,3,2021,2021,FQ3,Summer,False,
20210824,2021-08-24,2,Tuesday,False,34,8,August,3,2021,2021,FQ3,Summer,False,
20210825,2021-08-25,3,Wednesday,False,34,8,August,3,2021,2021,FQ3,Summer,False,
20210826,2021-08-26,4,Thursday,False,34,8,August,3,2021,2021,FQ3,Summer,False,
20210827,2021-08-27,5,Friday,False,34,8,August,3,2021,2021,FQ3,Summer,False,
20210828,2021-08-28,6,Saturday,True,34,8,August,3,2021,2021,FQ3,Summer,False,
20210829,2021-08-29,7,Sunday,True,34,8,August,3,2021,2021,FQ3,Summer,False,
20210830,2021-08-30,1,Monday,False,35,8,August,3,2021,2021,FQ3,Summer,False,
20210831,2021-08-31,2,Tuesday,False,35,8,August,3,2021,2021,FQ3,Summer,False,
20210901,2021-09-01,3,Wednesday,False,35,9,September,3,2021,2021,FQ3,Autumn,False,
20210902,2021-09-02,4,Thursday,False,35,9,September,3,2021,2021,FQ3,Autumn,False,
20210903,2021-09-03,5,Friday,False,35,9,September,3,2021,2021,FQ3,Autumn,False,
20210904,2021-09-04,6,Saturday,True,35,9,September,3,2021,2021,FQ3,Autumn,False,
20210905,2021-09-05,7,Sunday,True,35,9,September,3,2021,2021,FQ3,Autumn,False,
20210906,2021-09-06,1,Monday,False,36,9,September,3,2021,2021,FQ3,Autumn,False,
20210907,2021-09-07,2,Tuesday,False,36,9,September,3,2021,2021,FQ3,Autumn,False,
20210908,2021-09-08,3,Wednesday,False,36,9,September,3,2021,2021,FQ3,Autumn,False,
20210909,2021-09-09,4,Thursday,False,36,9,September,3,2021,2021,FQ3,Autumn,False,
20210910,2021-09-10,5,Friday,False,36,9,September,3,2021,2021,FQ3,Autumn,False,
20210911,2021-09-11,6,Saturday,True,36,9,September,3,2021,2021,FQ3,Autumn,False,
20210912,2021-09-12,7,Sunday,True,36,9,September,3,2021,2021,FQ3,Autumn,False,
20210913,2021-09-13,1,Monday,False,37,9,September,3,2021,2021,FQ3,Autumn,False,
20210914,2021-09-14,2,Tuesday,False,37,9,September,3,2021,2021,FQ3,Autumn,False,
20210915,2021-09-15,3,Wednesday,False,37,9,September,3,2021,2021,FQ3,Autumn,False,
20210916,2021-09-16,4,Thursday,False,37,9,September,3,2021,2021,FQ3,Autumn,False,
20210917,2021-09-17,5,Friday,False,37,9,September,3,2021,2021,FQ3,Autumn,False,
20210918,2021-09-18,6,Saturday,True,37,9,September,3,2021,2021,FQ3,Autumn,False,
20210919,2021-09-19,7,Sunday,True,37,9,September,3,2021,2021,FQ3,Autumn,False,
20210920,2021-09-20,1,Monday,False,38,9,September,3,2021,2021,FQ3,Autumn,False,
20210921,2021-09-21,2,Tuesday,False,38,9,September,3,2021,2021,FQ3,Autumn,False,
20210922,2021-09-22,3,Wednesday,False,38,9,September,3,2021,2021,FQ3,Autumn,False,
20210923,2021-09-23,4,Thursday,False,38,9,September,3,2021,2021,FQ3,Autumn,False,
20210924,2021-09-24,5,Friday,False,38,9,September,3,2021,2021,FQ3,Autumn,False,
20210925,2021-09-25,6,Saturday,True,38,9,September,3,2021,2021,FQ3,Autumn,False,
20210926,2021-09-26,7,Sunday,True,38,9,September,3,2021,2021,FQ3,Autumn,False,
20210927,2021-09-27,1,Monday,False,39,9,September,3,2021,2021,FQ3,Autumn,False,
20210928,2021-09-28,2,Tuesday,False,39,9,September,3,2021,2021,FQ3,Autumn,False,
20210929,2021-09-29,3,Wednesday,False,39,9,September,3,2021,2021,FQ3,Autumn,False,
20210930,2021-09-30,4,Thursday,False,39,9,September,3,2021,2021,FQ3,Autumn,False,
20211001,2021-10-01,5,Friday,False,39,10,October,4,2021,2021,FQ3,Autumn,False,
20211002,2021-10-02,6,Saturday,True,39,10,October,4,2021,2021,FQ3,Autumn,False,
20211003,2021-10-03,7,Sunday,True,39,10,October,4,2021,2021,FQ3,Autumn,False,
20211004,2021-10-04,1,Monday,False,40,10,October,4,2021,2021,FQ3,Autumn,False,
20211005,2021-10-05,2,Tuesday,False,40,10,October,4,2021,2021,FQ3,Autumn,False,
20211006,2021-10-06,3,Wednesday,False,40,10,October,4,2021,2021,FQ3,Autumn,False,
20211007,2021-10-07,4,Thursday,False,40,10,October,4,2021,2021,FQ3,Autumn,False,
20211008,2021-10-08,5,Friday,False,40,10,October,4,2021,2021,FQ3,Autumn,False,
20211009,2021-10-09,6,Saturday,True,40,10,October,4,2021,2021,FQ3,Autumn,False,
20211010,2021-10-10,7,Sunday,True,40,10,October,4,2021,2021,FQ3,Autumn,False,
20211011,2021-10-11,1,Monday,False,41,10,October,4,2021,2021,FQ3,Autumn,False,
20211012,2021-10-12,2,Tuesday,False,41,10,October,4,2021,2021,FQ3,Autumn,False,
20211013,2021-10-13,3,Wednesday,False,41,10,October,4,2021,2021,FQ3,Autumn,False,
20211014,2021-10-14,4,Thursday,False,41,10,October,4,2021,2021,FQ3,Autumn,False,
20211015,2021-10-15,5,Friday,False,41,10,October,4,2021,2021,FQ3,Autumn,False,
20211016,2021-10-16,6,Saturday,True,41,10,October,4,2021,2021,FQ3,Autumn,False,
20211017,2021-10-17,7,Sunday,True,41,10,October,4,2021,2021,FQ3,Autumn,False,
20211018,2021-10-18,1,Monday,False,42,10,October,4,2021,2021,FQ3,Autumn,False,
20211019,2021-10-19,2,Tuesday,False,42,10,October,4,2021,2021,FQ3,Autumn,False,
20211020,2021-10-20,3,Wednesday,False,42,10,October,4,2021,2021,FQ3,Autumn,False,
20211021,2021-10-21,4,Thursday,False,42,10,October,4,2021,2021,FQ3,Autumn,False,
20211022,2021-10-22,5,Friday,False,42,10,October,4,2021,2021,FQ3,Autumn,False,
20211023,2021-10-23,6,Saturday,True,42,10,October,4,2021,2021,FQ3,Autumn,False,
20211024,2021-10-24,7,Sunday,True,42,10,October,4,2021,2021,FQ3,Autumn,False,
20211025,2021-10-25,1,Monday,False,43,10,October,4,2021,2021,FQ3,Autumn,False,
20211026,2021-10-26,2,Tuesday,False,43,10,October,4,2021,2021,FQ3,Autumn,False,
20211027,2021-10-27,3,Wednesday,False,43,10,October,4,2021,2021,FQ3,Autumn,False,
20211028,2021-10-28,4,Thursday,False,43,10,October,4,2021,2021,FQ3,Autumn,False,
20211029,2021-10-29,5,Friday,False,43,10,October,4,2021,2021,FQ3,Autumn,False,
20211030,2021-10-30,6,Saturday,True,43,10,October,4,2021,2021,FQ3,Autumn,False,
20211031,2021-10-31,7,Sunday,True,43,10,October,4,2021,2021,FQ3,Autumn,False,
20211101,2021-11-01,1,Monday,False,44,11,November,4,2021,2021,FQ4,Autumn,False,
20211102,2021-11-02,2,Tuesday,False,44,11,November,4,2021,2021,FQ4,Autumn,False,
20211103,2021-11-03,3,Wednesday,False,44,11,November,4,2021,2021,FQ4,Autumn,False,
20211104,2021-11-04,4,Thursday,False,44,11,November,4,2021,2021,FQ4,Autumn,False,
20211105,2021-11-05,5,Friday,False,44,11,November,4,2021,2021,FQ4,Autumn,False,
20211106,2021-11-06,6,Saturday,True,44,11,November,4,2021,2021,FQ4,Autumn,False,
20211107,2021-11-07,7,Sunday,True,44,11,November,4,2021,2021,FQ4,Autumn,False,
20211108,2021-11-08,1,Monday,False,45,11,November,4,2021,2021,FQ4,Autumn,False,
20211109,2021-11-09,2,Tuesday,False,45,11,November,4,2021,2021,FQ4,Autumn,False,
20211110,2021-11-10,3,Wednesday,False,45,11,November,4,2021,2021,FQ4,Autumn,False,
20211111,2021-11-11,4,Thursday,False,45,11,November,4,2021,2021,FQ4,Autumn,False,
20211112,2021-11-12,5,Friday,False,45,11,November,4,2021,2021,FQ4,Autumn,False,
20211113,2021-11-13,6,Saturday,True,45,11,November,4,2021,2021,FQ4,Autumn,False,
20211114,2021-11-14,7,Sunday,True,45,11,November,4,2021,2021,FQ4,Autumn,False,
20211115,2021-11-15,1,Monday,False,46,11,November,4,2021,2021,FQ4,Autumn,False,
20211116,2021-11-16,2,Tuesday,False,46,11,November,4,2021,2021,FQ4,Autumn,False,
20211117,2021-11-17,3,Wednesday,False,46,11,November,4,2021,2021,FQ4,Autumn,False,
20211118,2021-11-18,4,Thursday,False,46,11,November,4,2021,2021,FQ4,Autumn,False,
20211119,2021-11-19,5,Friday,False,46,11,November,4,2021,2021,FQ4,Autumn,False,
20211120,2021-11-20,6,Saturday,True,46,11,November,4,2021,2021,FQ4,Autumn,False,
20211121,2021-11-21,7,Sunday,True,46,11,November,4,2021,2021,FQ4,Autumn,False,
20211122,2021-11-22,1,Monday,False,47,11,November,4,2021,2021,FQ4,Autumn,False,
20211123,2021-11-23,2,Tuesday,False,47,11,November,4,2021,2021,FQ4,Autumn,False,
20211124,2021-11-24,3,Wednesday,False,47,11,November,4,2021,2021,FQ4,Autumn,False,
20211125,2021-11-25,4,Thursday,False,47,11,November,4,2021,2021,FQ4,Autumn,False,
20211126,2021-11-26,5,Friday,False,47,11,November,4,2021,2021,FQ4,Autumn,False,
20211127,2021-11-27,6,Saturday,True,47,11,November,4,2021,2021,FQ4,Autumn,False,
20211128,2021-11-28,7,Sunday,True,47,11,November,4,2021,2021,FQ4,Autumn,True,Black Friday
20211129,2021-11-29,1,Monday,False,48,11,November,4,2021,2021,FQ4,Autumn,False,
20211130,2021-11-30,2,Tuesday,False,48,11,November,4,2021,2021,FQ4,Autumn,False,
20211201,2021-12-01,3,Wednesday,False,48,12,December,4,2021,2021,FQ4,Winter,False,
20211202,2021-12-02,4,Thursday,False,48,12,December,4,2021,2021,FQ4,Winter,False,
20211203,2021-12-03,5,Friday,False,48,12,December,4,2021,2021,FQ4,Winter,False,
20211204,2021-12-04,6,Saturday,True,48,12,December,4,2021,2021,FQ4,Winter,False,
20211205,2021-12-05,7,Sunday,True,48,12,December,4,2021,2021,FQ4,Winter,False,
20211206,2021-12-06,1,Monday,False,49,12,December,4,2021,2021,FQ4,Winter,False,
20211207,2021-12-07,2,Tuesday,False,49,12,December,4,2021,2021,FQ4,Winter,False,
20211208,2021-12-08,3,Wednesday,False,49,12,December,4,2021,2021,FQ4,Winter,False,
20211209,2021-12-09,4,Thursday,False,49,12,December,4,2021,2021,FQ4,Winter,False,
20211210,2021-12-10,5,Friday,False,49,12,December,4,2021,2021,FQ4,Winter,False,
20211211,2021-12-11,6,Saturday,True,49,12,December,4,2021,2021,FQ4,Winter,False,
20211212,2021-12-12,7,Sunday,True,49,12,December,4,2021,2021,FQ4,Winter,False,
20211213,2021-12-13,1,Monday,False,50,12,December,4,2021,2021,FQ4,Winter,False,
20211214,2021-12-14,2,Tuesday,False,50,12,December,4,2021,2021,FQ4,Winter,False,
20211215,2021-12-15,3,Wednesday,False,50,12,December,4,2021,2021,FQ4,Winter,False,
20211216,2021-12-16,4,Thursday,False,50,12,December,4,2021,2021,FQ4,Winter,False,
20211217,2021-12-17,5,Friday,False,50,12,December,4,2021,2021,FQ4,Winter,False,
20211218,2021-12-18,6,Saturday,True,50,12,December,4,2021,2021,FQ4,Winter,False,
20211219,2021-12-19,7,Sunday,True,50,12,December,4,2021,2021,FQ4,Winter,False,
20211220,2021-12-20,1,Monday,False,51,12,December,4,2021,2021,FQ4,Winter,False,
20211221,2021-12-21,2,Tuesday,False,51,12,December,4,2021,2021,FQ4,Winter,False,
20211222,2021-12-22,3,Wednesday,False,51,12,December,4,2021,2021,FQ4,Winter,False,
20211223,2021-12-23,4,Thursday,False,51,12,December,4,2021,2021,FQ4,Winter,False,
20211224,2021-12-24,5,Friday,False,51,12,December,4,2021,2021,FQ4,Winter,False,
20211225,2021-12-25,6,Saturday,True,51,12,December,4,2021,2021,FQ4,Winter,True,Christmas
20211226,2021-12-26,7,Sunday,True,51,12,December,4,2021,2021,FQ4,Winter,True,Boxing Day
20211227,2021-12-27,1,Monday,False,52,12,December,4,2021,2021,FQ4,Winter,False,
20211228,2021-12-28,2,Tuesday,False,52,12,December,4,2021,2021,FQ4,Winter,False,
20211229,2021-12-29,3,Wednesday,False,52,12,December,4,2021,2021,FQ4,Winter,False,
20211230,2021-12-30,4,Thursday,False,52,12,December,4,2021,2021,FQ4,Winter,False,
20211231,2021-12-31,5,Friday,False,52,12,December,4,2021,2021,FQ4,Winter,False,
20220101,2022-01-01,6,Saturday,True,52,1,January,1,2022,2021,FQ4,Winter,True,New Year
20220102,2022-01-02,7,Sunday,True,52,1,January,1,2022,2021,FQ4,Winter,False,
20220103,2022-01-03,1,Monday,False,1,1,January,1,2022,2021,FQ4,Winter,False,
20220104,2022-01-04,2,Tuesday,False,1,1,January,1,2022,2021,FQ4,Winter,False,
20220105,2022-01-05,3,Wednesday,False,1,1,January,1,2022,2021,FQ4,Winter,False,
20220106,2022-01-06,4,Thursday,False,1,1,January,1,2022,2021,FQ4,Winter,False,
20220107,2022-01-07,5,Friday,False,1,1,January,1,2022,2021,FQ4,Winter,False,
20220108,2022-01-08,6,Saturday,True,1,1,January,1,2022,2021,FQ4,Winter,False,
20220109,2022-01-09,7,Sunday,True,1,1,January,1,2022,2021,FQ4,Winter,False,
20220110,2022-01-10,1,Monday,False,2,1,January,1,2022,2021,FQ4,Winter,False,
20220111,2022-01-11,2,Tuesday,False,2,1,January,1,2022,2021,FQ4,Winter,False,
20220112,2022-01-12,3,Wednesday,False,2,1,January,1,2022,2021,FQ4,Winter,False,
20220113,2022-01-13,4,Thursday,False,2,1,January,1,2022,2021,FQ4,Winter,False,
20220114,2022-01-14,5,Friday,False,2,1,January,1,2022,2021,FQ4,Winter,False,
20220115,2022-01-15,6,Saturday,True,2,1,January,1,2022,2021,FQ4,Winter,False,
20220116,2022-01-16,7,Sunday,True,2,1,January,1,2022,2021,FQ4,Winter,False,
20220117,2022-01-17,1,Monday,False,3,1,January,1,2022,2021,FQ4,Winter,False,
20220118,2022-01-18,2,Tuesday,False,3,1,January,1,2022,2021,FQ4,Winter,False,
20220119,2022-01-19,3,Wednesday,False,3,1,January,1,2022,2021,FQ4,Winter,False,
20220120,2022-01-20,4,Thursday,False,3,1,January,1,2022,2021,FQ4,Winter,False,
20220121,2022-01-21,5,Friday,False,3,1,January,1,2022,2021,FQ4,Winter,False,
20220122,2022-01-22,6,Saturday,True,3,1,January,1,2022,2021,FQ4,Winter,False,
20220123,2022-01-23,7,Sunday,True,3,1,January,1,2022,2021,FQ4,Winter,False,
20220124,2022-01-24,1,Monday,False,4,1,January,1,2022,2021,FQ4,Winter,False,
20220125,2022-01-25,2,Tuesday,False,4,1,January,1,2022,2021,FQ4,Winter,False,
20220126,2022-01-26,3,Wednesday,False,4,1,January,1,2022,2021,FQ4,Winter,False,
20220127,2022-01-27,4,Thursday,False,4,1,January,1,2022,2021,FQ4,Winter,False,
20220128,2022-01-28,5,Friday,False,4,1,January,1,2022,2021,FQ4,Winter,False,
20220129,2022-01-29,6,Saturday,True,4,1,January,1,2022,2021,FQ4,Winter,False,
20220130,2022-01-30,7,Sunday,True,4,1,January,1,2022,2021,FQ4,Winter,False,
20220131,2022-01-31,1,Monday,False,5,1,January,1,2022,2021,FQ4,Winter,False,
20220201,2022-02-01,2,Tuesday,False,5,2,February,1,2022,2022,FQ1,Winter,False,
20220202,2022-02-02,3,Wednesday,False,5,2,February,1,2022,2022,FQ1,Winter,False,
20220203,2022-02-03,4,Thursday,False,5,2,February,1,2022,2022,FQ1,Winter,False,
20220204,2022-02-04,5,Friday,False,5,2,February,1,2022,2022,FQ1,Winter,False,
20220205,2022-02-05,6,Saturday,True,5,2,February,1,2022,2022,FQ1,Winter,False,
20220206,2022-02-06,7,Sunday,True,5,2,February,1,2022,2022,FQ1,Winter,False,
20220207,2022-02-07,1,Monday,False,6,2,February,1,2022,2022,FQ1,Winter,False,
20220208,2022-02-08,2,Tuesday,False,6,2,February,1,2022,2022,FQ1,Winter,False,
20220209,2022-02-09,3,Wednesday,False,6,2,February,1,2022,2022,FQ1,Winter,False,
20220210,2022-02-10,4,Thursday,False,6,2,February,1,2022,2022,FQ1,Winter,False,
20220211,2022-02-11,5,Friday,False,6,2,February,1,2022,2022,FQ1,Winter,False,
20220212,2022-02-12,6,Saturday,True,6,2,February,1,2022,2022,FQ1,Winter,False,
20220213,2022-02-13,7,Sunday,True,6,2,February,1,2022,2022,FQ1,Winter,False,
20220214,2022-02-14,1,Monday,False,7,2,February,1,2022,2022,FQ1,Winter,False,
20220215,2022-02-15,2,Tuesday,False,7,2,February,1,2022,2022,FQ1,Winter,False,
20220216,2022-02-16,3,Wednesday,False,7,2,February,1,2022,2022,FQ1,Winter,False,
20220217,2022-02-17,4,Thursday,False,7,2,February,1,2022,2022,FQ1,Winter,False,
20220218,2022-02-18,5,Friday,False,7,2,February,1,2022,2022,FQ1,Winter,False,
20220219,2022-02-19,6,Saturday,True,7,2,February,1,2022,2022,FQ1,Winter,False,
20220220,2022-02-20,7,Sunday,True,7,2,February,1,2022,2022,FQ1,Winter,False,
20220221,2022-02-21,1,Monday,False,8,2,February,1,2022,2022,FQ1,Winter,False,
20220222,2022-02-22,2,Tuesday,False,8,2,February,1,2022,2022,FQ1,Winter,False,
20220223,2022-02-23,3,Wednesday,False,8,2,February,1,2022,2022,FQ1,Winter,False,
20220224,2022-02-24,4,Thursday,False,8,2,February,1,2022,2022,FQ1,Winter,False,
20220225,2022-02-25,5,Friday,False,8,2,February,1,2022,2022,FQ1,Winter,False,
20220226,2022-02-26,6,Saturday,True,8,2,February,1,2022,2022,FQ1,Winter,False,
20220227,2022-02-27,7,Sunday,True,8,2,February,1,2022,2022,FQ1,Winter,False,
20220228,2022-02-28,1,Monday,False,9,2,February,1,2022,2022,FQ1,Winter,False,
20220301,2022-03-01,2,Tuesday,False,9,3,March,1,2022,2022,FQ1,Spring,False,
20220302,2022-03-02,3,Wednesday,False,9,3,March,1,2022,2022,FQ1,Spring,False,
20220303,2022-03-03,4,Thursday,False,9,3,March,1,2022,2022,FQ1,Spring,False,
20220304,2022-03-04,5,Friday,False,9,3,March,1,2022,2022,FQ1,Spring,False,
20220305,2022-03-05,6,Saturday,True,9,3,March,1,2022,2022,FQ1,Spring,False,
20220306,2022-03-06,7,Sunday,True,9,3,March,1,2022,2022,FQ1,Spring,False,
20220307,2022-03-07,1,Monday,False,10,3,March,1,2022,2022,FQ1,Spring,False,
20220308,2022-03-08,2,Tuesday,False,10,3,March,1,2022,2022,FQ1,Spring,False,
20220309,2022-03-09,3,Wednesday,False,10,3,March,1,2022,2022,FQ1,Spring,False,
20220310,2022-03-10,4,Thursday,False,10,3,March,1,2022,2022,FQ1,Spring,False,
20220311,2022-03-11,5,Friday,False,10,3,March,1,2022,2022,FQ1,Spring,False,
20220312,2022-03-12,6,Saturday,True,10,3,March,1,2022,2022,FQ1,Spring,False,
20220313,2022-03-13,7,Sunday,True,10,3,March,1,2022,2022,FQ1,Spring,False,
20220314,2022-03-14,1,Monday,False,11,3,March,1,2022,2022,FQ1,Spring,False,
20220315,2022-03-15,2,Tuesday,False,11,3,March,1,2022,2022,FQ1,Spring,False,
20220316,2022-03-16,3,Wednesday,False,11,3,March,1,2022,2022,FQ1,Spring,False,
20220317,2022-03-17,4,Thursday,False,11,3,March,1,2022,2022,FQ1,Spring,False,
20220318,2022-03-18,5,Friday,False,11,3,March,1,2022,2022,FQ1,Spring,False,
20220319,2022-03-19,6,Saturday,True,11,3,March,1,2022,2022,FQ1,Spring,False,
20220320,2022-03-20,7,Sunday,True,11,3,March,1,2022,2022,FQ1,Spring,False,
20220321,2022-03-21,1,Monday,False,12,3,March,1,2022,2022,FQ1,Spring,False,
20220322,2022-03-22,2,Tuesday,False,12,3,March,1,2022,2022,FQ1,Spring,False,
20220323,2022-03-23,3,Wednesday,False,12,3,March,1,2022,2022,FQ1,Spring,False,
20220324,2022-03-24,4,Thursday,False,12,3,March,1,2022,2022,FQ1,Spring,False,
20220325,2022-03-25,5,Friday,False,12,3,March,1,2022,2022,FQ1,Spring,False,
20220326,2022-03-26,6,Saturday,True,12,3,March,1,2022,2022,FQ1,Spring,False,
20220327,2022-03-27,7,Sunday,True,12,3,March,1,2022,2022,FQ1,Spring,False,
20220328,2022-03-28,1,Monday,False,13,3,March,1,2022,2022,FQ1,Spring,False,
20220329,2022-03-29,2,Tuesday,False,13,3,March,1,2022,2022,FQ1,Spring,False,
20220330,2022-03-30,3,Wednesday,False,13,3,March,1,2022,2022,FQ1,Spring,False,
20220331,2022-03-31,4,Thursday,False,13,3,March,1,2022,2022,FQ1,Spring,False,
20220401,2022-04-01,5,Friday,False,13,4,April,2,2022,2022,FQ1,Spring,False,
20220402,2022-04-02,6,Saturday,True,13,4,April,2,2022,2022,FQ1,Spring,False,
20220403,2022-04-03,7,Sunday,True,13,4,April,2,2022,2022,FQ1,Spring,False,
20220404,2022-04-04,1,Monday,False,14,4,April,2,2022,2022,FQ1,Spring,False,
20220405,2022-04-05,2,Tuesday,False,14,4,April,2,2022,2022,FQ1,Spring,False,
20220406,2022-04-06,3,Wednesday,False,14,4,April,2,2022,2022,FQ1,Spring,False,
20220407,2022-04-07,4,Thursday,False,14,4,April,2,2022,2022,FQ1,Spring,False,
20220408,2022-04-08,5,Friday,False,14,4,April,2,2022,2022,FQ1,Spring,False,
20220409,2022-04-09,6,Saturday,True,14,4,April,2,2022,2022,FQ1,Spring,False,
20220410,2022-04-10,7,Sunday,True,14,4,April,2,2022,2022,FQ1,Spring,False,
20220411,2022-04-11,1,Monday,False,15,4,April,2,2022,2022,FQ1,Spring,False,
20220412,2022-04-12,2,Tuesday,False,15,4,April,2,2022,2022,FQ1,Spring,False,
20220413,2022-04-13,3,Wednesday,False,15,4,April,2,2022,2022,FQ1,Spring,False,
20220414,2022-04-14,4,Thursday,False,15,4,April,2,2022,2022,FQ1,Spring,False,
20220415,2022-04-15,5,Friday,False,15,4,April,2,2022,2022,FQ1,Spring,False,
20220416,2022-04-16,6,Saturday,True,15,4,April,2,2022,2022,FQ1,Spring,False,
20220417,2022-04-17,7,Sunday,True,15,4,April,2,2022,2022,FQ1,Spring,False,
20220418,2022-04-18,1,Monday,False,16,4,April,2,2022,2022,FQ1,Spring,False,
20220419,2022-04-19,2,Tuesday,False,16,4,April,2,2022,2022,FQ1,Spring,False,
20220420,2022-04-20,3,Wednesday,False,16,4,April,2,2022,2022,FQ1,Spring,False,
20220421,2022-04-21,4,Thursday,False,16,4,April,2,2022,2022,FQ1,Spring,False,
20220422,2022-04-22,5,Friday,False,16,4,April,2,2022,2022,FQ1,Spring,False,
20220423,2022-04-23,6,Saturday,True,16,4,April,2,2022,2022,FQ1,Spring,False,
20220424,2022-04-24,7,Sunday,True,16,4,April,2,2022,2022,FQ1,Spring,False,
20220425,2022-04-25,1,Monday,False,17,4,April,2,2022,2022,FQ1,Spring,False,
20220426,2022-04-26,2,Tuesday,False,17,4,April,2,2022,2022,FQ1,Spring,False,
20220427,2022-04-27,3,Wednesday,False,17,4,April,2,2022,2022,FQ1,Spring,False,
20220428,2022-04-28,4,Thursday,False,17,4,April,2,2022,2022,FQ1,Spring,False,
20220429,2022-04-29,5,Friday,False,17,4,April,2,2022,2022,FQ1,Spring,False,
20220430,2022-04-30,6,Saturday,True,17,4,April,2,2022,2022,FQ1,Spring,False,
20220501,2022-05-01,7,Sunday,True,17,5,May,2,2022,2022,FQ2,Spring,False,
20220502,2022-05-02,1,Monday,False,18,5,May,2,2022,2022,FQ2,Spring,False,
20220503,2022-05-03,2,Tuesday,False,18,5,May,2,2022,2022,FQ2,Spring,False,
20220504,2022-05-04,3,Wednesday,False,18,5,May,2,2022,2022,FQ2,Spring,False,
20220505,2022-05-05,4,Thursday,False,18,5,May,2,2022,2022,FQ2,Spring,False,
20220506,2022-05-06,5,Friday,False,18,5,May,2,2022,2022,FQ2,Spring,False,
20220507,2022-05-07,6,Saturday,True,18,5,May,2,2022,2022,FQ2,Spring,False,
20220508,2022-05-08,7,Sunday,True,18,5,May,2,2022,2022,FQ2,Spring,False,
20220509,2022-05-09,1,Monday,False,19,5,May,2,2022,2022,FQ2,Spring,False,
20220510,2022-05-10,2,Tuesday,False,19,5,May,2,2022,2022,FQ2,Spring,False,
20220511,2022-05-11,3,Wednesday,False,19,5,May,2,2022,2022,FQ2,Spring,False,
20220512,2022-05-12,4,Thursday,False,19,5,May,2,2022,2022,FQ2,Spring,False,
20220513,2022-05-13,5,Friday,False,19,5,May,2,2022,2022,FQ2,Spring,False,
20220514,2022-05-14,6,Saturday,True,19,5,May,2,2022,2022,FQ2,Spring,False,
20220515,2022-05-15,7,Sunday,True,19,5,May,2,2022,2022,FQ2,Spring,False,
