po_line_key,po_number,order_date_key,expected_date_key,received_date_key,product_key,supplier_key,dest_location_key,ordered_qty,received_qty,unit_cost,po_line_amount,lead_time_days,is_late_flag,is_complete_flag,is_otif_flag
1,PO-0000001,20250904,20250911,20250911.0,1,10,4,12,12,56.79,681.48,7,False,True,True
2,PO-0000002,20251019,20251026,20251027.0,1,10,4,12,12,56.79,681.48,8,False,True,True
3,PO-0000003,20251110,20251117,20251116.0,1,10,4,12,12,56.79,681.48,6,False,True,True
4,PO-0000004,20251127,20251204,20251202.0,1,10,4,12,12,56.79,681.48,5,False,True,True
5,PO-0000005,20251218,20251225,20251226.0,1,10,4,12,12,56.79,681.48,8,False,True,True
6,PO-0000006,20251230,20251231,,1,10,4,12,0,56.79,681.48,6,False,False,False
7,PO-0000007,20250903,20250910,20250909.0,1,10,6,12,10,56.79,681.48,6,False,False,False
8,PO-0000008,20250919,20250926,20250924.0,1,10,6,12,12,56.79,681.48,5,False,True,True
9,PO-0000009,20251102,20251109,20251108.0,1,10,6,12,12,56.79,681.48,6,False,True,True
10,PO-0000010,20251117,20251124,20251125.0,1,10,6,12,12,56.79,681.48,8,False,True,True
11,PO-0000011,20251206,20251213,20251212.0,1,10,6,12,10,56.79,681.48,6,False,False,False
12,PO-0000012,20251222,20251229,20251230.0,1,10,6,12,12,56.79,681.48,8,False,True,True
13,PO-0000013,20251109,20251116,20251115.0,3,36,8,10,10,170.15,1701.5,6,False,True,True
14,PO-0000014,20251230,20251231,,3,36,8,10,0,170.15,1701.5,9,False,False,False
15,PO-0000015,20250905,20250912,20250913.0,3,36,10,10,10,170.15,1701.5,8,True,True,False
16,PO-0000016,20251010,20251017,20251020.0,3,36,10,10,10,170.15,1701.5,10,False,True,True
17,PO-0000017,20251122,20251129,20251128.0,3,36,10,10,10,170.15,1701.5,6,False,True,True
18,PO-0000018,20251206,20251213,20251211.0,3,36,10,10,10,170.15,1701.5,5,False,True,True
19,PO-0000019,20251221,20251228,20251227.0,3,36,10,10,10,170.15,1701.5,6,False,True,True
20,PO-0000020,20251026,20251102,20251103.0,3,36,7,10,10,170.15,1701.5,8,False,True,True
21,PO-0000021,20250905,20250912,20250922.0,3,36,1,10,10,170.15,1701.5,17,True,True,False
22,PO-0000022,20251118,20251125,20251122.0,3,36,1,10,10,170.15,1701.5,4,False,True,True
23,PO-0000023,20251026,20251102,20251101.0,3,36,2,10,10,170.15,1701.5,6,False,True,True
24,PO-0000024,20251214,20251221,20251218.0,3,36,2,10,10,170.15,1701.5,4,False,True,True
25,PO-0000025,20250907,20250914,20250913.0,3,36,6,10,10,170.15,1701.5,6,False,True,True
26,PO-0000026,20251213,20251220,20251227.0,3,36,6,10,10,170.15,1701.5,14,True,True,False
27,PO-0000027,20250905,20250917,20250924.0,4,2,2,10,10,84.16,841.6,19,False,True,True
28,PO-0000028,20251010,20251022,20251019.0,4,2,2,10,10,84.16,841.6,9,False,True,True
29,PO-0000029,20251106,20251118,20251117.0,4,2,2,10,10,84.16,841.6,11,True,True,False
30,PO-0000030,20251219,20251231,20251228.0,4,2,2,10,8,84.16,841.6,9,False,False,False
31,PO-0000031,20250903,20250915,20250912.0,4,2,8,10,10,84.16,841.6,9,False,True,True
32,PO-0000032,20251005,20251017,20251017.0,4,2,8,10,10,84.16,841.6,12,False,True,True
33,PO-0000033,20251102,20251114,20251113.0,4,2,8,10,10,84.16,841.6,11,False,True,True
34,PO-0000034,20251124,20251206,20251203.0,4,2,8,10,10,84.16,841.6,9,False,True,True
35,PO-0000035,20251211,20251223,20251223.0,4,2,8,10,10,84.16,841.6,12,False,True,True
36,PO-0000036,20250903,20250915,20250925.0,4,2,7,10,10,84.16,841.6,22,True,True,False
37,PO-0000037,20251001,20251013,20251011.0,4,2,7,10,10,84.16,841.6,10,False,True,True
38,PO-0000038,20251024,20251105,20251109.0,4,2,7,10,10,84.16,841.6,16,False,True,True
39,PO-0000039,20251128,20251210,20251214.0,4,2,7,10,10,84.16,841.6,16,False,True,True
40,PO-0000040,20251222,20251231,,4,2,7,10,0,84.16,841.6,17,False,False,False
41,PO-0000041,20250903,20250915,20250918.0,4,2,3,10,10,84.16,841.6,15,False,True,True
42,PO-0000042,20250922,20251004,20251007.0,4,2,3,10,10,84.16,841.6,15,False,True,True
43,PO-0000043,20251021,20251102,20251106.0,4,2,3,10,8,84.16,841.6,16,True,False,False
44,PO-0000044,20251120,20251202,20251130.0,4,2,3,10,10,84.16,841.6,10,False,True,True
45,PO-0000045,20251208,20251220,20251221.0,4,2,3,10,10,84.16,841.6,13,False,True,True
46,PO-0000046,20251107,20251114,20251114.0,6,4,6,10,10,48.06,480.6,7,False,True,True
47,PO-0000047,20250904,20250911,20250911.0,6,4,7,10,10,48.06,480.6,7,False,True,True
48,PO-0000048,20251226,20251231,20251230.0,6,4,7,10,10,48.06,480.6,4,False,True,True
49,PO-0000049,20250921,20250928,20250927.0,6,4,5,10,10,48.06,480.6,6,False,True,True
50,PO-0000050,20251203,20251210,20251210.0,6,4,5,10,10,48.06,480.6,7,False,True,True
51,PO-0000051,20250909,20250916,20250916.0,6,4,4,10,10,48.06,480.6,7,False,True,True
52,PO-0000052,20251110,20251117,20251116.0,6,4,4,10,10,48.06,480.6,6,False,True,True
53,PO-0000053,20250928,20251018,20251013.0,7,11,1,10,10,2.44,24.4,15,True,True,False
54,PO-0000054,20251109,20251129,20251208.0,7,11,7,10,10,2.44,24.4,29,False,True,True
55,PO-0000055,20250903,20250923,20251006.0,8,39,9,10,10,126.3,1263.0,33,True,True,False
56,PO-0000056,20251006,20251026,20251019.0,8,39,9,10,10,126.3,1263.0,13,False,True,True
57,PO-0000057,20251027,20251116,20251116.0,8,39,9,10,10,126.3,1263.0,20,True,True,False
58,PO-0000058,20251116,20251206,20251215.0,8,39,9,10,10,126.3,1263.0,29,False,True,True
59,PO-0000059,20251215,20251231,,8,39,9,10,0,126.3,1263.0,23,False,False,False
60,PO-0000060,20250917,20251007,20251019.0,8,39,6,10,10,126.3,1263.0,32,True,True,False
61,PO-0000061,20251117,20251207,20251212.0,8,39,6,10,10,126.3,1263.0,25,False,True,True
62,PO-0000062,20251107,20251119,20251122.0,9,8,7,10,10,218.71,2187.1,15,True,True,False
63,PO-0000063,20250909,20250921,20251004.0,9,8,10,10,10,218.71,2187.1,25,True,True,False
64,PO-0000064,20251101,20251113,20251113.0,9,8,10,10,10,218.71,2187.1,12,False,True,True
65,PO-0000065,20251130,20251212,20251210.0,9,8,10,10,10,218.71,2187.1,10,False,True,True
66,PO-0000066,20251217,20251229,20251227.0,9,8,10,10,10,218.71,2187.1,10,False,True,True
67,PO-0000067,20251231,20251231,,9,8,10,10,0,218.71,2187.1,13,False,False,False
68,PO-0000068,20251115,20251127,20251127.0,10,26,9,10,10,9.94,99.4,12,False,True,True
69,PO-0000069,20250920,20250927,20250928.0,12,36,8,10,10,114.88,1148.8,8,False,True,True
70,PO-0000070,20250904,20250911,20250913.0,12,36,10,10,10,114.88,1148.8,9,False,True,True
71,PO-0000071,20251102,20251109,20251107.0,12,36,10,10,10,114.88,1148.8,5,False,True,True
72,PO-0000072,20251127,20251204,20251205.0,12,36,10,10,10,114.88,1148.8,8,False,True,True
73,PO-0000073,20251231,20251231,,12,36,10,10,0,114.88,1148.8,6,False,False,False
74,PO-0000074,20250911,20250918,20250918.0,13,15,6,13,13,178.47,2320.11,7,False,True,True
75,PO-0000075,20251003,20251010,20251010.0,13,15,6,13,13,178.47,2320.11,7,False,True,True
76,PO-0000076,20251030,20251106,20251106.0,13,15,6,13,13,178.47,2320.11,7,False,True,True
77,PO-0000077,20251120,20251127,20251128.0,13,15,6,13,13,178.47,2320.11,8,False,True,True
78,PO-0000078,20251211,20251218,20251215.0,13,15,6,13,13,178.47,2320.11,4,False,True,True
79,PO-0000079,20250910,20250917,20250914.0,13,15,8,13,13,178.47,2320.11,4,False,True,True
80,PO-0000080,20251002,20251009,20251007.0,13,15,8,13,13,178.47,2320.11,5,False,True,True
81,PO-0000081,20251024,20251031,20251031.0,13,15,8,13,13,178.47,2320.11,7,False,True,True
82,PO-0000082,20251111,20251118,20251114.0,13,15,8,13,13,178.47,2320.11,3,False,True,True
83,PO-0000083,20251125,20251202,20251201.0,13,15,8,13,13,178.47,2320.11,6,False,True,True
84,PO-0000084,20251213,20251220,20251219.0,13,15,8,13,13,178.47,2320.11,6,False,True,True
85,PO-0000085,20251231,20251231,,13,15,8,13,0,178.47,2320.11,7,False,False,False
86,PO-0000086,20250917,20250924,20250921.0,13,15,1,13,13,178.47,2320.11,4,False,True,True
87,PO-0000087,20251016,20251023,20251023.0,13,15,1,13,13,178.47,2320.11,7,False,True,True
88,PO-0000088,20251113,20251120,20251120.0,13,15,1,13,13,178.47,2320.11,7,False,True,True
89,PO-0000089,20251128,20251205,20251210.0,13,15,1,13,13,178.47,2320.11,12,True,True,False
90,PO-0000090,20251223,20251230,20251230.0,13,15,1,13,13,178.47,2320.11,7,False,True,True
91,PO-0000091,20251008,20251020,20251023.0,14,28,6,10,10,20.96,209.6,15,False,True,True
92,PO-0000092,20251212,20251224,20251229.0,14,28,6,10,10,20.96,209.6,17,True,True,False
93,PO-0000093,20250903,20250915,20250912.0,14,28,3,10,10,20.96,209.6,9,False,True,True
94,PO-0000094,20251014,20251026,20251025.0,14,28,3,10,10,20.96,209.6,11,False,True,True
95,PO-0000095,20251117,20251129,20251203.0,14,28,3,10,10,20.96,209.6,16,False,True,True
96,PO-0000096,20250903,20250915,20250914.0,14,28,10,16,16,20.96,335.36,11,True,True,False
97,PO-0000097,20250928,20251010,20251012.0,14,28,10,16,16,20.96,335.36,14,False,True,True
98,PO-0000098,20251021,20251102,20251031.0,14,28,10,16,16,20.96,335.36,10,False,True,True
99,PO-0000099,20251112,20251124,20251130.0,14,28,10,16,13,20.96,335.36,18,True,False,False
100,PO-0000100,20251207,20251219,20251221.0,14,28,10,16,16,20.96,335.36,14,False,True,True
101,PO-0000101,20251230,20251231,,14,28,10,16,0,20.96,335.36,11,False,False,False
102,PO-0000102,20250908,20250915,20250917.0,15,20,10,10,10,87.86,878.6,9,False,True,True
103,PO-0000103,20251107,20251114,20251116.0,15,20,10,10,10,87.86,878.6,9,False,True,True
104,PO-0000104,20251129,20251206,20251207.0,15,20,10,10,10,87.86,878.6,8,False,True,True
105,PO-0000105,20251224,20251231,20251231.0,15,20,10,10,10,87.86,878.6,7,False,True,True
106,PO-0000106,20251124,20251214,20251218.0,16,5,8,10,10,164.74,1647.4,24,False,True,True
107,PO-0000107,20250903,20250923,20250913.0,16,5,9,10,10,164.74,1647.4,10,True,True,False
108,PO-0000108,20250927,20251017,20251013.0,16,5,9,10,10,164.74,1647.4,16,False,True,True
109,PO-0000109,20251014,20251103,20251111.0,16,5,9,10,10,164.74,1647.4,28,True,True,False
110,PO-0000110,20251111,20251201,20251201.0,16,5,9,10,10,164.74,1647.4,20,True,True,False
111,PO-0000111,20251201,20251221,20251222.0,16,5,9,10,10,164.74,1647.4,21,True,True,False
112,PO-0000112,20250903,20250923,20251006.0,16,5,3,10,10,164.74,1647.4,33,False,True,True
113,PO-0000113,20251113,20251203,20251128.0,16,5,3,10,10,164.74,1647.4,15,False,True,True
114,PO-0000114,20251005,20251025,20251103.0,16,5,1,10,10,164.74,1647.4,29,False,True,True
115,PO-0000115,20250925,20251007,20251005.0,17,9,2,10,10,82.68,826.8,10,False,True,True
116,PO-0000116,20251004,20251016,20251013.0,17,9,5,10,10,82.68,826.8,9,False,True,True
117,PO-0000117,20250903,20250915,20250914.0,18,30,9,10,10,42.76,427.6,11,False,True,True
118,PO-0000118,20250924,20251006,20251004.0,18,30,9,10,10,42.76,427.6,10,False,True,True
119,PO-0000119,20251106,20251118,20251124.0,18,30,9,10,10,42.76,427.6,18,True,True,False
120,PO-0000120,20251205,20251217,20251217.0,18,30,9,10,10,42.76,427.6,12,False,True,True
121,PO-0000121,20251101,20251113,20251123.0,18,30,2,10,10,42.76,427.6,22,True,True,False
122,PO-0000122,20251213,20251225,20251226.0,18,30,6,10,10,42.76,427.6,13,False,True,True
123,PO-0000123,20251215,20251227,,18,30,3,10,0,42.76,427.6,17,True,False,False
124,PO-0000124,20251119,20251201,20251129.0,18,30,8,10,10,42.76,427.6,10,False,True,True
125,PO-0000125,20251207,20251219,20251221.0,19,28,8,10,10,44.22,442.2,14,False,True,True
126,PO-0000126,20251122,20251204,20251208.0,19,28,1,10,10,44.22,442.2,16,True,True,False
127,PO-0000127,20251117,20251124,20251122.0,20,21,7,10,10,91.1,911.0,5,False,True,True
128,PO-0000128,20251003,20251010,20251007.0,20,21,1,10,10,91.1,911.0,4,False,True,True
129,PO-0000129,20250903,20250910,20250910.0,20,21,9,10,8,91.1,911.0,7,False,False,False
130,PO-0000130,20251011,20251018,20251017.0,20,21,9,10,10,91.1,911.0,6,False,True,True
131,PO-0000131,20251114,20251121,20251118.0,20,21,9,10,10,91.1,911.0,4,False,True,True
132,PO-0000132,20251207,20251214,20251214.0,20,21,9,10,10,91.1,911.0,7,False,True,True
133,PO-0000133,20250913,20250925,20250923.0,21,32,9,10,10,106.25,1062.5,10,False,True,True
134,PO-0000134,20251127,20251209,20251213.0,21,32,9,10,10,106.25,1062.5,16,True,True,False
135,PO-0000135,20250916,20250928,20250929.0,21,32,6,10,10,106.25,1062.5,13,False,True,True
136,PO-0000136,20251205,20251217,20251221.0,21,32,7,10,10,106.25,1062.5,16,False,True,True
137,PO-0000137,20251009,20251021,20251019.0,22,28,5,10,10,189.81,1898.1,10,False,True,True
138,PO-0000138,20251103,20251110,20251109.0,23,14,4,10,10,141.83,1418.3,6,False,True,True
139,PO-0000139,20251214,20251221,20251220.0,23,14,4,10,10,141.83,1418.3,6,False,True,True
140,PO-0000140,20250912,20250919,20250919.0,23,14,1,10,10,141.83,1418.3,7,False,True,True
141,PO-0000141,20251104,20251111,20251111.0,23,14,1,10,10,141.83,1418.3,7,False,True,True
142,PO-0000142,20250913,20250920,20250920.0,23,14,2,10,10,141.83,1418.3,7,False,True,True
143,PO-0000143,20251128,20251205,20251204.0,23,14,2,10,10,141.83,1418.3,6,False,True,True
144,PO-0000144,20250904,20250911,20250907.0,23,14,10,11,11,141.83,1560.13,3,False,True,True
145,PO-0000145,20250929,20251006,20251013.0,23,14,10,11,11,141.83,1560.13,14,True,True,False
146,PO-0000146,20251029,20251105,20251104.0,23,14,10,11,9,141.83,1560.13,6,False,False,False
147,PO-0000147,20251115,20251122,20251121.0,23,14,10,11,11,141.83,1560.13,6,False,True,True
148,PO-0000148,20251129,20251206,20251208.0,23,14,10,11,11,141.83,1560.13,9,False,True,True
149,PO-0000149,20251218,20251225,20251224.0,23,14,10,11,9,141.83,1560.13,6,False,False,False
150,PO-0000150,20250906,20250913,20250911.0,23,14,9,11,11,141.83,1560.13,5,False,True,True
151,PO-0000151,20251015,20251022,20251022.0,23,14,9,11,11,141.83,1560.13,7,False,True,True
152,PO-0000152,20251114,20251121,20251120.0,23,14,9,11,11,141.83,1560.13,6,False,True,True
153,PO-0000153,20251206,20251213,20251212.0,23,14,9,11,11,141.83,1560.13,6,False,True,True
154,PO-0000154,20251206,20251218,20251221.0,25,38,4,10,10,216.28,2162.8,15,False,True,True
155,PO-0000155,20250903,20250923,20250925.0,26,39,3,10,10,91.49,914.9,22,False,True,True
156,PO-0000156,20251123,20251213,20251212.0,26,39,7,10,10,91.49,914.9,19,False,True,True
157,PO-0000157,20250905,20250917,20250919.0,27,2,10,18,18,89.63,1613.34,14,False,True,True
158,PO-0000158,20250930,20251012,20251010.0,27,2,10,18,18,89.63,1613.34,10,False,True,True
159,PO-0000159,20251029,20251110,20251108.0,27,2,10,18,18,89.63,1613.34,10,False,True,True
160,PO-0000160,20251126,20251208,20251210.0,27,2,10,18,18,89.63,1613.34,14,False,True,True
161,PO-0000161,20251217,20251229,,27,2,10,18,0,89.63,1613.34,20,True,False,False
162,PO-0000162,20250903,20250915,20250913.0,27,2,8,10,10,89.63,896.3,10,False,True,True
163,PO-0000163,20251011,20251023,20251023.0,27,2,8,10,10,89.63,896.3,12,False,True,True
164,PO-0000164,20251124,20251206,20251214.0,27,2,8,10,10,89.63,896.3,20,False,True,True
165,PO-0000165,20250906,20250918,20250930.0,27,2,2,10,10,89.63,896.3,24,True,True,False
166,PO-0000166,20251104,20251116,20251118.0,27,2,2,10,10,89.63,896.3,14,False,True,True
167,PO-0000167,20251128,20251210,20251210.0,27,2,2,10,10,89.63,896.3,12,False,True,True
168,PO-0000168,20251229,20251231,,27,2,2,10,0,89.63,896.3,11,False,False,False
169,PO-0000169,20250903,20250915,20250919.0,27,2,4,10,8,89.63,896.3,16,False,False,False
170,PO-0000170,20251104,20251116,20251109.0,27,2,4,10,10,89.63,896.3,5,False,True,True
171,PO-0000171,20251217,20251229,20251230.0,27,2,4,10,10,89.63,896.3,13,False,True,True
172,PO-0000172,20251004,20251016,20251017.0,27,2,1,10,8,89.63,896.3,13,False,False,False
173,PO-0000173,20251117,20251129,20251209.0,27,2,1,10,10,89.63,896.3,22,True,True,False
174,PO-0000174,20251226,20251231,,27,2,1,10,0,89.63,896.3,11,False,False,False
175,PO-0000175,20250906,20250918,20250920.0,28,32,7,10,10,203.25,2032.5,14,False,True,True
176,PO-0000176,20251030,20251111,20251110.0,28,32,7,10,10,203.25,2032.5,11,False,True,True
177,PO-0000177,20251221,20251231,20251230.0,28,32,7,10,10,203.25,2032.5,9,False,True,True
178,PO-0000178,20250903,20250915,20250923.0,28,32,1,10,10,203.25,2032.5,20,True,True,False
179,PO-0000179,20251011,20251023,20251022.0,28,32,1,10,10,203.25,2032.5,11,False,True,True
180,PO-0000180,20251122,20251204,20251207.0,28,32,1,10,10,203.25,2032.5,15,True,True,False
181,PO-0000181,20251221,20251231,,28,32,1,10,0,203.25,2032.5,23,True,False,False
182,PO-0000182,20250903,20250915,20250918.0,28,32,4,10,10,203.25,2032.5,15,True,True,False
183,PO-0000183,20251006,20251018,20251012.0,28,32,4,10,10,203.25,2032.5,6,False,True,True
184,PO-0000184,20251128,20251210,20251219.0,28,32,4,10,10,203.25,2032.5,21,True,True,False
185,PO-0000185,20250917,20250929,20250927.0,28,32,5,10,10,203.25,2032.5,10,False,True,True
186,PO-0000186,20251103,20251115,20251115.0,28,32,5,10,10,203.25,2032.5,12,False,True,True
187,PO-0000187,20251208,20251220,20251215.0,28,32,5,10,10,203.25,2032.5,7,False,True,True
188,PO-0000188,20250903,20250915,20250911.0,28,32,3,10,10,203.25,2032.5,8,False,True,True
189,PO-0000189,20251101,20251113,20251115.0,28,32,3,10,10,203.25,2032.5,14,True,True,False
190,PO-0000190,20251126,20251208,20251208.0,28,32,3,10,10,203.25,2032.5,12,False,True,True
191,PO-0000191,20251216,20251228,20251230.0,28,32,3,10,10,203.25,2032.5,14,False,True,True
192,PO-0000192,20250903,20250923,20250919.0,29,6,7,10,10,55.22,552.2,16,False,True,True
193,PO-0000193,20250923,20251013,20251019.0,29,6,7,10,10,55.22,552.2,26,False,True,True
194,PO-0000194,20251117,20251207,20251130.0,29,6,7,10,10,55.22,552.2,13,False,True,True
195,PO-0000195,20250903,20250923,20251001.0,29,6,8,10,10,55.22,552.2,28,True,True,False
196,PO-0000196,20251006,20251026,20251103.0,29,6,8,10,10,55.22,552.2,28,False,True,True
197,PO-0000197,20251203,20251223,20251218.0,29,6,8,10,10,55.22,552.2,15,False,True,True
198,PO-0000198,20251225,20251231,,29,6,8,10,0,55.22,552.2,21,False,False,False
199,PO-0000199,20250903,20250923,20250921.0,29,6,4,10,10,55.22,552.2,18,True,True,False
200,PO-0000200,20251016,20251105,20251118.0,29,6,4,10,10,55.22,552.2,33,True,True,False
201,PO-0000201,20251124,20251214,20251214.0,29,6,4,10,10,55.22,552.2,20,False,True,True
202,PO-0000202,20251222,20251231,,29,6,4,10,0,55.22,552.2,13,False,False,False
203,PO-0000203,20250903,20250923,20250922.0,29,6,9,19,19,55.22,1049.18,19,False,True,True
204,PO-0000204,20250922,20251012,20251017.0,29,6,9,19,19,55.22,1049.18,25,True,True,False
205,PO-0000205,20251017,20251106,20251105.0,29,6,9,19,19,55.22,1049.18,19,False,True,True
206,PO-0000206,20251106,20251126,20251127.0,29,6,9,19,16,55.22,1049.18,21,False,False,False
207,PO-0000207,20251128,20251218,20251222.0,29,6,9,19,19,55.22,1049.18,24,False,True,True
208,PO-0000208,20251222,20251231,,29,6,9,19,0,55.22,1049.18,23,False,False,False
209,PO-0000209,20250903,20250923,20251009.0,29,6,10,19,16,55.22,1049.18,36,True,False,False
210,PO-0000210,20251009,20251029,20251105.0,29,6,10,19,19,55.22,1049.18,27,False,True,True
211,PO-0000211,20251106,20251126,20251201.0,29,6,10,19,19,55.22,1049.18,25,False,True,True
212,PO-0000212,20251201,20251221,20251221.0,29,6,10,19,19,55.22,1049.18,20,False,True,True
213,PO-0000213,20251221,20251231,,29,6,10,19,0,55.22,1049.18,23,False,False,False
214,PO-0000214,20250911,20250923,20250922.0,30,35,3,10,10,160.96,1609.6,11,False,True,True
215,PO-0000215,20251103,20251115,20251111.0,30,35,7,10,10,160.96,1609.6,8,False,True,True
216,PO-0000216,20251017,20251029,20251023.0,30,35,1,10,10,160.96,1609.6,6,False,True,True
217,PO-0000217,20251008,20251020,20251022.0,30,35,2,10,10,160.96,1609.6,14,False,True,True
218,PO-0000218,20251104,20251116,20251119.0,30,35,6,10,10,160.96,1609.6,15,False,True,True
219,PO-0000219,20250914,20250926,20250929.0,30,35,10,10,10,160.96,1609.6,15,False,True,True
220,PO-0000220,20251101,20251113,20251113.0,30,35,10,10,10,160.96,1609.6,12,False,True,True
221,PO-0000221,20251123,20251205,20251203.0,30,35,10,10,10,160.96,1609.6,10,False,True,True
222,PO-0000222,20251222,20251231,,30,35,10,10,0,160.96,1609.6,10,False,False,False
223,PO-0000223,20251105,20251117,20251112.0,31,24,1,10,10,166.37,1663.7,7,False,True,True
224,PO-0000224,20251223,20251231,,31,24,3,10,0,166.37,1663.7,14,False,False,False
225,PO-0000225,20251021,20251102,20251101.0,31,24,4,10,10,166.37,1663.7,11,False,True,True
226,PO-0000226,20251029,20251110,20251109.0,31,24,6,10,10,166.37,1663.7,11,False,True,True
227,PO-0000227,20251107,20251119,20251116.0,31,24,7,10,10,166.37,1663.7,9,False,True,True
228,PO-0000228,20251109,20251121,20251121.0,32,28,3,10,10,22.87,228.7,12,False,True,True
229,PO-0000229,20250925,20251015,20251020.0,34,25,3,10,10,45.32,453.2,25,True,True,False
230,PO-0000230,20250925,20251015,20251028.0,34,25,8,10,10,45.32,453.2,33,True,True,False
231,PO-0000231,20250903,20250923,20250923.0,35,11,10,25,25,42.0,1050.0,20,False,True,True
232,PO-0000232,20250923,20251013,20251003.0,35,11,10,25,25,42.0,1050.0,10,False,True,True
233,PO-0000233,20251017,20251106,20251115.0,35,11,10,25,25,42.0,1050.0,29,True,True,False
234,PO-0000234,20251115,20251205,20251127.0,35,11,10,25,25,42.0,1050.0,12,True,True,False
235,PO-0000235,20251130,20251220,20251212.0,35,11,10,25,25,42.0,1050.0,12,False,True,True
236,PO-0000236,20251220,20251231,,35,11,10,25,0,42.0,1050.0,22,False,False,False
237,PO-0000237,20250905,20250917,20250920.0,36,33,10,21,21,102.85,2159.85,15,True,True,False
238,PO-0000238,20251009,20251021,20251018.0,36,33,10,21,17,102.85,2159.85,9,False,False,False
239,PO-0000239,20251102,20251114,20251115.0,36,33,10,21,21,102.85,2159.85,13,False,True,True
240,PO-0000240,20251122,20251204,20251208.0,36,33,10,21,21,102.85,2159.85,16,False,True,True
241,PO-0000241,20251214,20251226,20251223.0,36,33,10,21,21,102.85,2159.85,9,False,True,True
242,PO-0000242,20250910,20250922,20251002.0,36,33,3,10,10,102.85,1028.5,22,True,True,False
243,PO-0000243,20251111,20251123,20251124.0,36,33,3,10,10,102.85,1028.5,13,False,True,True
244,PO-0000244,20251214,20251226,20251231.0,36,33,3,10,10,102.85,1028.5,17,False,True,True
245,PO-0000245,20251015,20251027,20251029.0,37,23,6,10,8,64.74,647.4,14,False,False,False
246,PO-0000246,20251228,20251231,,37,23,7,10,0,64.74,647.4,10,False,False,False
247,PO-0000247,20251126,20251208,20251212.0,37,23,4,10,10,64.74,647.4,16,False,True,True
248,PO-0000248,20250912,20250924,20250922.0,37,23,5,10,10,64.74,647.4,10,False,True,True
249,PO-0000249,20251116,20251128,20251130.0,37,23,1,10,10,64.74,647.4,14,False,True,True
250,PO-0000250,20251123,20251205,20251205.0,37,23,3,10,10,64.74,647.4,12,False,True,True
251,PO-0000251,20251021,20251102,20251108.0,37,23,9,10,10,64.74,647.4,18,True,True,False
252,PO-0000252,20251130,20251212,20251209.0,37,23,9,10,10,64.74,647.4,9,False,True,True
253,PO-0000253,20250903,20250915,20250922.0,40,1,3,10,10,176.89,1768.9,19,False,True,True
254,PO-0000254,20251227,20251231,,40,1,3,10,0,176.89,1768.9,9,False,False,False
255,PO-0000255,20250903,20250915,20250916.0,40,1,2,10,10,176.89,1768.9,13,False,True,True
256,PO-0000256,20251207,20251219,20251221.0,40,1,2,10,10,176.89,1768.9,14,False,True,True
257,PO-0000257,20251114,20251126,20251124.0,40,1,5,10,10,176.89,1768.9,10,False,True,True
258,PO-0000258,20251004,20251016,20251012.0,40,1,1,10,10,176.89,1768.9,8,False,True,True
259,PO-0000259,20251009,20251021,20251021.0,40,1,8,10,10,176.89,1768.9,12,False,True,True
260,PO-0000260,20251101,20251113,20251121.0,41,23,1,10,10,59.63,596.3,20,True,True,False
261,PO-0000261,20251215,20251227,,41,23,7,10,0,59.63,596.3,20,True,False,False
262,PO-0000262,20250926,20251008,20251008.0,41,23,2,10,10,59.63,596.3,12,False,True,True
263,PO-0000263,20250906,20250918,20250918.0,41,23,9,10,10,59.63,596.3,12,False,True,True
264,PO-0000264,20251117,20251129,20251205.0,41,23,9,10,10,59.63,596.3,18,True,True,False
265,PO-0000265,20250922,20250929,20251007.0,42,14,9,10,10,61.4,614.0,15,True,True,False
266,PO-0000266,20251206,20251213,20251217.0,42,14,9,10,10,61.4,614.0,11,True,True,False
267,PO-0000267,20251003,20251010,20251010.0,43,27,6,10,10,57.16,571.6,7,False,True,True
268,PO-0000268,20251014,20251021,20251020.0,43,27,7,10,10,57.16,571.6,6,False,True,True
269,PO-0000269,20251207,20251214,20251215.0,43,27,7,10,10,57.16,571.6,8,False,True,True
270,PO-0000270,20251022,20251029,20251030.0,43,27,3,10,10,57.16,571.6,8,False,True,True
271,PO-0000271,20251012,20251019,20251020.0,44,15,4,10,10,31.01,310.1,8,False,True,True
272,PO-0000272,20251219,20251226,20251225.0,44,15,3,10,10,31.01,310.1,6,False,True,True
273,PO-0000273,20251025,20251101,20251102.0,44,15,8,10,10,31.01,310.1,8,False,True,True
274,PO-0000274,20251124,20251201,20251201.0,44,15,1,10,10,31.01,310.1,7,False,True,True
275,PO-0000275,20251102,20251109,20251109.0,44,15,5,10,10,31.01,310.1,7,False,True,True
276,PO-0000276,20251112,20251119,20251120.0,44,15,2,10,10,31.01,310.1,8,False,True,True
277,PO-0000277,20250921,20251011,20251013.0,45,39,9,10,10,207.72,2077.2,22,True,True,False
278,PO-0000278,20251128,20251218,20251222.0,45,39,9,10,10,207.72,2077.2,24,True,True,False
279,PO-0000279,20250924,20251006,20251004.0,46,28,10,10,10,89.35,893.5,10,False,True,True
280,PO-0000280,20251027,20251108,20251109.0,46,28,10,10,10,89.35,893.5,13,False,True,True
281,PO-0000281,20251124,20251206,20251206.0,46,28,10,10,10,89.35,893.5,12,False,True,True
282,PO-0000282,20251207,20251219,20251217.0,46,28,10,10,10,89.35,893.5,10,False,True,True
283,PO-0000283,20251224,20251231,,46,28,10,10,0,89.35,893.5,11,False,False,False
284,PO-0000284,20250918,20250930,20250922.0,46,28,2,10,10,89.35,893.5,4,False,True,True
285,PO-0000285,20251226,20251231,,46,28,2,10,0,89.35,893.5,21,True,False,False
286,PO-0000286,20250903,20250915,20250915.0,46,28,9,10,8,89.35,893.5,12,False,False,False
287,PO-0000287,20251027,20251108,20251108.0,46,28,9,10,10,89.35,893.5,12,False,True,True
288,PO-0000288,20251120,20251202,20251207.0,46,28,9,10,10,89.35,893.5,17,False,True,True
289,PO-0000289,20251213,20251225,20251231.0,46,28,9,10,10,89.35,893.5,18,True,True,False
290,PO-0000290,20250917,20250929,20250923.0,46,28,7,10,10,89.35,893.5,6,False,True,True
291,PO-0000291,20251122,20251204,20251202.0,46,28,7,10,8,89.35,893.5,10,False,False,False
292,PO-0000292,20251214,20251231,,47,19,2,10,0,50.59,505.9,18,False,False,False
293,PO-0000293,20251027,20251108,20251110.0,48,29,3,10,10,186.5,1865.0,14,False,True,True
294,PO-0000294,20251227,20251231,,48,29,3,10,0,186.5,1865.0,9,False,False,False
295,PO-0000295,20250916,20250928,20250930.0,49,26,8,10,10,88.72,887.2,14,False,True,True
296,PO-0000296,20251230,20251231,,49,26,8,10,0,88.72,887.2,16,True,False,False
297,PO-0000297,20251103,20251115,20251116.0,49,26,3,10,10,88.72,887.2,13,True,True,False
298,PO-0000298,20250905,20250917,20250908.0,49,26,2,10,10,88.72,887.2,3,False,True,True
299,PO-0000299,20251224,20251231,,49,26,2,10,0,88.72,887.2,16,True,False,False
300,PO-0000300,20250906,20250918,20250924.0,49,26,10,10,10,88.72,887.2,18,False,True,True
301,PO-0000301,20251009,20251021,20251021.0,49,26,10,10,8,88.72,887.2,12,False,False,False
302,PO-0000302,20251107,20251119,20251118.0,49,26,10,10,10,88.72,887.2,11,False,True,True
303,PO-0000303,20251126,20251208,20251204.0,49,26,10,10,10,88.72,887.2,8,False,True,True
304,PO-0000304,20251215,20251227,,49,26,10,10,0,88.72,887.2,22,True,False,False
305,PO-0000305,20251019,20251031,20251107.0,49,26,5,10,10,88.72,887.2,19,True,True,False
306,PO-0000306,20251214,20251226,,49,26,5,10,0,88.72,887.2,20,True,False,False
307,PO-0000307,20250903,20250915,20250916.0,49,26,6,10,10,88.72,887.2,13,False,True,True
308,PO-0000308,20251130,20251212,20251221.0,49,26,6,10,10,88.72,887.2,21,True,True,False
309,PO-0000309,20251118,20251208,20251207.0,50,25,9,10,10,9.17,91.7,19,False,True,True
310,PO-0000310,20250911,20251001,20251007.0,50,25,10,10,10,9.17,91.7,26,False,True,True
311,PO-0000311,20251003,20251023,20251104.0,50,25,8,10,10,9.17,91.7,32,True,True,False
312,PO-0000312,20251003,20251015,20251012.0,51,24,7,10,10,36.88,368.8,9,False,True,True
313,PO-0000313,20251215,20251227,20251227.0,51,24,2,10,8,36.88,368.8,12,False,False,False
314,PO-0000314,20250928,20251010,20251006.0,51,24,9,10,10,36.88,368.8,8,False,True,True
315,PO-0000315,20251115,20251127,20251127.0,51,24,9,10,10,36.88,368.8,12,False,True,True
316,PO-0000316,20251231,20251231,,51,24,9,10,0,36.88,368.8,15,False,False,False
317,PO-0000317,20250903,20250915,20250919.0,52,38,1,10,10,141.18,1411.8,16,True,True,False
318,PO-0000318,20250923,20251005,20251010.0,52,38,1,10,10,141.18,1411.8,17,True,True,False
319,PO-0000319,20251013,20251025,20251027.0,52,38,1,10,10,141.18,1411.8,14,False,True,True
320,PO-0000320,20251101,20251113,20251116.0,52,38,1,10,10,141.18,1411.8,15,False,True,True
321,PO-0000321,20251117,20251129,20251128.0,52,38,1,10,10,141.18,1411.8,11,False,True,True
322,PO-0000322,20251129,20251211,20251209.0,52,38,1,10,10,141.18,1411.8,10,False,True,True
323,PO-0000323,20251228,20251231,,52,38,1,10,0,141.18,1411.8,12,False,False,False
324,PO-0000324,20250903,20250915,20250913.0,52,38,6,10,10,141.18,1411.8,10,False,True,True
325,PO-0000325,20250929,20251011,20251010.0,52,38,6,10,10,141.18,1411.8,11,False,True,True
326,PO-0000326,20251103,20251115,20251115.0,52,38,6,10,10,141.18,1411.8,12,False,True,True
327,PO-0000327,20251118,20251130,20251127.0,52,38,6,10,10,141.18,1411.8,9,False,True,True
328,PO-0000328,20251210,20251222,20251224.0,52,38,6,10,10,141.18,1411.8,14,True,True,False
329,PO-0000329,20251231,20251231,,52,38,6,10,0,141.18,1411.8,17,True,False,False
330,PO-0000330,20250906,20250918,20250919.0,52,38,10,30,30,141.18,4235.4,13,False,True,True
331,PO-0000331,20251002,20251014,20251013.0,52,38,10,30,30,141.18,4235.4,11,False,True,True
332,PO-0000332,20251030,20251111,20251115.0,52,38,10,30,30,141.18,4235.4,16,True,True,False
333,PO-0000333,20251121,20251203,20251208.0,52,38,10,30,25,141.18,4235.4,17,False,False,False
334,PO-0000334,20251213,20251225,20251220.0,52,38,10,30,30,141.18,4235.4,7,False,True,True
335,PO-0000335,20251231,20251231,,52,38,10,30,0,141.18,4235.4,12,False,False,False
336,PO-0000336,20250908,20250920,20250916.0,52,38,8,10,8,141.18,1411.8,8,False,False,False
337,PO-0000337,20251005,20251017,20251010.0,52,38,8,10,10,141.18,1411.8,5,False,True,True
338,PO-0000338,20251026,20251107,20251113.0,52,38,8,10,10,141.18,1411.8,18,True,True,False
339,PO-0000339,20251117,20251129,20251125.0,52,38,8,10,10,141.18,1411.8,8,False,True,True
340,PO-0000340,20251203,20251215,20251215.0,52,38,8,10,10,141.18,1411.8,12,False,True,True
341,PO-0000341,20251221,20251231,20251231.0,52,38,8,10,10,141.18,1411.8,10,False,True,True
342,PO-0000342,20250906,20250918,20250914.0,52,38,9,30,30,141.18,4235.4,8,False,True,True
343,PO-0000343,20251007,20251019,20251019.0,52,38,9,30,30,141.18,4235.4,12,False,True,True
344,PO-0000344,20251106,20251118,20251115.0,52,38,9,30,30,141.18,4235.4,9,False,True,True
345,PO-0000345,20251126,20251208,20251209.0,52,38,9,30,30,141.18,4235.4,13,False,True,True
346,PO-0000346,20251215,20251227,20251225.0,52,38,9,30,30,141.18,4235.4,10,False,True,True
347,PO-0000347,20251230,20251231,,52,38,9,30,0,141.18,4235.4,21,False,False,False
348,PO-0000348,20250903,20250915,20250916.0,52,38,4,10,8,141.18,1411.8,13,False,False,False
349,PO-0000349,20250921,20251003,20251001.0,52,38,4,10,10,141.18,1411.8,10,False,True,True
350,PO-0000350,20251008,20251020,20251011.0,52,38,4,10,10,141.18,1411.8,3,False,True,True
351,PO-0000351,20251119,20251201,20251202.0,52,38,4,10,10,141.18,1411.8,13,False,True,True
352,PO-0000352,20251205,20251217,20251218.0,52,38,4,10,10,141.18,1411.8,13,False,True,True
353,PO-0000353,20251226,20251231,,52,38,4,10,0,141.18,1411.8,13,False,False,False
354,PO-0000354,20250903,20250915,20250914.0,52,38,5,10,10,141.18,1411.8,11,False,True,True
355,PO-0000355,20251011,20251023,20251020.0,52,38,5,10,10,141.18,1411.8,9,False,True,True
356,PO-0000356,20251114,20251126,20251125.0,52,38,5,10,10,141.18,1411.8,11,False,True,True
357,PO-0000357,20251206,20251218,20251219.0,52,38,5,10,8,141.18,1411.8,13,False,False,False
358,PO-0000358,20251230,20251231,,52,38,5,10,0,141.18,1411.8,20,True,False,False
359,PO-0000359,20250903,20250915,20250914.0,52,38,2,10,10,141.18,1411.8,11,False,True,True
360,PO-0000360,20250927,20251009,20251012.0,52,38,2,10,10,141.18,1411.8,15,False,True,True
361,PO-0000361,20251102,20251114,20251115.0,52,38,2,10,10,141.18,1411.8,13,False,True,True
362,PO-0000362,20251120,20251202,20251129.0,52,38,2,10,10,141.18,1411.8,9,False,True,True
363,PO-0000363,20251206,20251218,20251216.0,52,38,2,10,10,141.18,1411.8,10,False,True,True
364,PO-0000364,20251228,20251231,,52,38,2,10,0,141.18,1411.8,15,False,False,False
365,PO-0000365,20250906,20250918,20250924.0,53,13,8,10,10,172.56,1725.6,18,False,True,True
366,PO-0000366,20251107,20251127,20251205.0,55,11,5,10,10,201.95,2019.5,28,True,True,False
367,PO-0000367,20251013,20251102,20251103.0,55,11,9,10,10,201.95,2019.5,21,True,True,False
368,PO-0000368,20251006,20251018,20251013.0,56,23,3,10,10,187.44,1874.4,7,False,True,True
369,PO-0000369,20251008,20251020,20251020.0,56,23,2,10,10,187.44,1874.4,12,False,True,True
370,PO-0000370,20251223,20251231,,56,23,4,10,0,187.44,1874.4,13,False,False,False
371,PO-0000371,20250903,20250910,20250910.0,57,40,8,10,10,186.87,1868.7,7,False,True,True
372,PO-0000372,20251026,20251102,20251104.0,57,40,2,10,8,186.87,1868.7,9,False,False,False
373,PO-0000373,20250930,20251007,20251006.0,57,40,6,10,10,186.87,1868.7,6,False,True,True
374,PO-0000374,20251231,20251231,,57,40,6,10,0,186.87,1868.7,6,False,False,False
375,PO-0000375,20250912,20251002,20251012.0,58,25,6,10,10,51.24,512.4,30,True,True,False
376,PO-0000376,20251213,20251231,,58,25,6,10,0,51.24,512.4,22,True,False,False
377,PO-0000377,20251121,20251211,20251215.0,58,25,2,10,10,51.24,512.4,24,True,True,False
378,PO-0000378,20250903,20250915,20250919.0,59,9,10,23,19,12.54,288.42,16,False,False,False
379,PO-0000379,20251004,20251016,20251014.0,59,9,10,23,23,12.54,288.42,10,False,True,True
380,PO-0000380,20251029,20251110,20251109.0,59,9,10,23,23,12.54,288.42,11,False,True,True
381,PO-0000381,20251116,20251128,20251129.0,59,9,10,23,23,12.54,288.42,13,False,True,True
382,PO-0000382,20251205,20251217,20251218.0,59,9,10,23,23,12.54,288.42,13,False,True,True
383,PO-0000383,20251226,20251231,,59,9,10,23,0,12.54,288.42,11,False,False,False
384,PO-0000384,20250923,20251005,20251005.0,59,9,6,10,10,12.54,125.4,12,False,True,True
385,PO-0000385,20251022,20251103,20251106.0,59,9,6,10,10,12.54,125.4,15,True,True,False
386,PO-0000386,20251128,20251210,20251211.0,59,9,6,10,10,12.54,125.4,13,False,True,True
387,PO-0000387,20250903,20250915,20250914.0,59,9,2,10,10,12.54,125.4,11,False,True,True
388,PO-0000388,20251006,20251018,20251101.0,59,9,2,10,10,12.54,125.4,26,True,True,False
389,PO-0000389,20251107,20251119,20251116.0,59,9,2,10,10,12.54,125.4,9,False,True,True
390,PO-0000390,20251212,20251224,20251222.0,59,9,2,10,10,12.54,125.4,10,False,True,True
391,PO-0000391,20251226,20251231,,59,9,2,10,0,12.54,125.4,13,False,False,False
392,PO-0000392,20250903,20250915,20250915.0,59,9,5,10,10,12.54,125.4,12,False,True,True
393,PO-0000393,20250917,20250929,20250928.0,59,9,5,10,10,12.54,125.4,11,False,True,True
394,PO-0000394,20251012,20251024,20251022.0,59,9,5,10,10,12.54,125.4,10,False,True,True
395,PO-0000395,20251107,20251119,20251118.0,59,9,5,10,10,12.54,125.4,11,False,True,True
396,PO-0000396,20251201,20251213,20251226.0,59,9,5,10,10,12.54,125.4,25,True,True,False
397,PO-0000397,20250928,20251010,20251011.0,60,37,9,10,10,191.03,1910.3,13,False,True,True
398,PO-0000398,20250903,20250915,20250910.0,61,32,6,10,10,68.32,683.2,7,False,True,True
399,PO-0000399,20251107,20251119,20251116.0,61,32,6,10,10,68.32,683.2,9,False,True,True
400,PO-0000400,20250903,20250915,20250911.0,61,32,10,10,10,68.32,683.2,8,False,True,True
401,PO-0000401,20250923,20251005,20251015.0,61,32,10,10,10,68.32,683.2,22,True,True,False
402,PO-0000402,20251029,20251110,20251106.0,61,32,10,10,10,68.32,683.2,8,False,True,True
403,PO-0000403,20251118,20251130,20251205.0,61,32,10,10,10,68.32,683.2,17,True,True,False
404,PO-0000404,20251209,20251221,20251219.0,61,32,10,10,10,68.32,683.2,10,False,True,True
405,PO-0000405,20251221,20251231,,61,32,10,10,0,68.32,683.2,15,False,False,False
406,PO-0000406,20251109,20251121,20251123.0,61,32,5,10,10,68.32,683.2,14,False,True,True
407,PO-0000407,20250927,20251009,20251017.0,61,32,7,10,10,68.32,683.2,20,True,True,False
408,PO-0000408,20250930,20251012,20251015.0,61,32,2,10,8,68.32,683.2,15,False,False,False
409,PO-0000409,20251209,20251221,20251223.0,61,32,2,10,10,68.32,683.2,14,False,True,True
410,PO-0000410,20250903,20250923,20250923.0,62,18,2,10,10,136.73,1367.3,20,True,True,False
411,PO-0000411,20250930,20251020,20251026.0,62,18,2,10,10,136.73,1367.3,26,True,True,False
412,PO-0000412,20251031,20251120,20251128.0,62,18,2,10,10,136.73,1367.3,28,True,True,False
413,PO-0000413,20251128,20251218,20251216.0,62,18,2,10,10,136.73,1367.3,18,False,True,True
414,PO-0000414,20251216,20251231,,62,18,2,10,0,136.73,1367.3,26,True,False,False
415,PO-0000415,20250903,20250923,20250922.0,62,18,3,10,10,136.73,1367.3,19,False,True,True
416,PO-0000416,20250922,20251012,20251003.0,62,18,3,10,10,136.73,1367.3,11,False,True,True
417,PO-0000417,20251011,20251031,20251029.0,62,18,3,10,10,136.73,1367.3,18,False,True,True
418,PO-0000418,20251109,20251129,20251201.0,62,18,3,10,10,136.73,1367.3,22,True,True,False
419,PO-0000419,20251201,20251221,20251216.0,62,18,3,10,10,136.73,1367.3,15,False,True,True
420,PO-0000420,20251219,20251231,,62,18,3,10,0,136.73,1367.3,35,True,False,False
421,PO-0000421,20251110,20251130,20251205.0,63,6,10,10,10,167.55,1675.5,25,False,True,True
422,PO-0000422,20251111,20251123,20251124.0,64,17,1,10,10,29.53,295.3,13,False,True,True
423,PO-0000423,20251128,20251210,20251210.0,64,17,5,10,10,29.53,295.3,12,False,True,True
424,PO-0000424,20250903,20250915,20250918.0,65,33,9,10,10,172.11,1721.1,15,False,True,True
425,PO-0000425,20251219,20251231,,65,33,9,10,0,172.11,1721.1,20,True,False,False
426,PO-0000426,20250921,20251003,20251002.0,65,33,10,10,10,172.11,1721.1,11,False,True,True
427,PO-0000427,20251227,20251231,,65,33,10,10,0,172.11,1721.1,11,False,False,False
428,PO-0000428,20251015,20251027,20251023.0,65,33,3,10,10,172.11,1721.1,8,False,True,True
429,PO-0000429,20251106,20251118,20251113.0,66,24,3,10,10,206.56,2065.6,7,False,True,True
430,PO-0000430,20250903,20250915,20250919.0,66,24,10,10,10,206.56,2065.6,16,False,True,True
431,PO-0000431,20251202,20251214,20251214.0,66,24,10,10,10,206.56,2065.6,12,False,True,True
432,PO-0000432,20251001,20251013,20251011.0,67,8,9,10,10,160.65,1606.5,10,False,True,True
433,PO-0000433,20251102,20251114,20251121.0,67,8,9,10,10,160.65,1606.5,19,True,True,False
434,PO-0000434,20251227,20251231,,67,8,9,10,0,160.65,1606.5,9,False,False,False
435,PO-0000435,20251225,20251231,,67,8,5,10,0,160.65,1606.5,22,True,False,False
436,PO-0000436,20250909,20250921,20250925.0,68,7,1,10,10,97.91,979.1,16,False,True,True
437,PO-0000437,20251012,20251024,20251026.0,68,7,1,10,10,97.91,979.1,14,False,True,True
438,PO-0000438,20251118,20251130,20251126.0,68,7,1,10,10,97.91,979.1,8,False,True,True
439,PO-0000439,20251204,20251216,20251215.0,68,7,1,10,10,97.91,979.1,11,False,True,True
440,PO-0000440,20251229,20251231,,68,7,1,10,0,97.91,979.1,12,False,False,False
441,PO-0000441,20250903,20250915,20250913.0,68,7,4,10,10,97.91,979.1,10,False,True,True
442,PO-0000442,20251010,20251022,20251019.0,68,7,4,10,10,97.91,979.1,9,False,True,True
443,PO-0000443,20251106,20251118,20251119.0,68,7,4,10,10,97.91,979.1,13,False,True,True
444,PO-0000444,20251209,20251221,20251224.0,68,7,4,10,10,97.91,979.1,15,False,True,True
445,PO-0000445,20250903,20250923,20250928.0,69,39,10,47,47,193.05,9073.35,25,False,True,True
446,PO-0000446,20250930,20251020,20251025.0,69,39,10,47,47,193.05,9073.35,25,False,True,True
447,PO-0000447,20251102,20251122,20251128.0,69,39,10,47,47,193.05,9073.35,26,False,True,True
448,PO-0000448,20251128,20251218,,69,39,10,47,0,193.05,9073.35,35,True,False,False
449,PO-0000449,20250928,20251018,20251019.0,70,18,8,10,10,116.75,1167.5,21,False,True,True
450,PO-0000450,20250903,20250923,20250922.0,70,18,7,10,10,116.75,1167.5,19,False,True,True
451,PO-0000451,20250928,20251018,20251019.0,70,18,3,10,10,116.75,1167.5,21,False,True,True
452,PO-0000452,20251225,20251231,,70,18,3,10,0,116.75,1167.5,16,False,False,False
453,PO-0000453,20251014,20251103,20251111.0,70,18,5,10,10,116.75,1167.5,28,False,True,True
454,PO-0000454,20251019,20251108,20251104.0,70,18,4,10,10,116.75,1167.5,16,False,True,True
455,PO-0000455,20250909,20250921,20251004.0,71,28,2,14,14,164.23,2299.22,25,True,True,False
456,PO-0000456,20251018,20251030,20251031.0,71,28,2,14,14,164.23,2299.22,13,False,True,True
457,PO-0000457,20251116,20251128,20251121.0,71,28,2,14,11,164.23,2299.22,5,False,False,False
458,PO-0000458,20251130,20251212,20251212.0,71,28,2,14,14,164.23,2299.22,12,False,True,True
459,PO-0000459,20251220,20251231,20251229.0,71,28,2,14,11,164.23,2299.22,9,False,False,False
460,PO-0000460,20250910,20250922,20250919.0,71,28,1,14,14,164.23,2299.22,9,False,True,True
461,PO-0000461,20251005,20251017,20251015.0,71,28,1,14,14,164.23,2299.22,10,False,True,True
462,PO-0000462,20251101,20251113,20251113.0,71,28,1,14,14,164.23,2299.22,12,False,True,True
463,PO-0000463,20251120,20251202,20251205.0,71,28,1,14,14,164.23,2299.22,15,False,True,True
464,PO-0000464,20251209,20251221,20251219.0,71,28,1,14,14,164.23,2299.22,10,False,True,True
465,PO-0000465,20251228,20251231,,71,28,1,14,0,164.23,2299.22,9,False,False,False
466,PO-0000466,20250906,20250913,20250913.0,72,15,1,10,10,180.78,1807.8,7,False,True,True
467,PO-0000467,20250910,20250917,20250918.0,72,15,7,10,10,180.78,1807.8,8,False,True,True
468,PO-0000468,20251209,20251216,20251215.0,72,15,7,10,10,180.78,1807.8,6,False,True,True
469,PO-0000469,20250903,20250910,20250910.0,73,4,6,12,12,165.23,1982.76,7,False,True,True
470,PO-0000470,20250920,20250927,20250925.0,73,4,6,12,12,165.23,1982.76,5,False,True,True
471,PO-0000471,20251018,20251025,20251025.0,73,4,6,12,10,165.23,1982.76,7,False,False,False
472,PO-0000472,20251108,20251115,20251115.0,73,4,6,12,12,165.23,1982.76,7,False,True,True
473,PO-0000473,20251126,20251203,20251202.0,73,4,6,12,10,165.23,1982.76,6,False,False,False
474,PO-0000474,20251211,20251218,20251218.0,73,4,6,12,12,165.23,1982.76,7,False,True,True
475,PO-0000475,20251225,20251231,,73,4,6,12,0,165.23,1982.76,7,False,False,False
476,PO-0000476,20250903,20250910,20250910.0,73,4,8,12,12,165.23,1982.76,7,False,True,True
477,PO-0000477,20251007,20251014,20251012.0,73,4,8,12,12,165.23,1982.76,5,False,True,True
478,PO-0000478,20251107,20251114,20251114.0,73,4,8,12,12,165.23,1982.76,7,False,True,True
479,PO-0000479,20251123,20251130,20251128.0,73,4,8,12,12,165.23,1982.76,5,False,True,True
480,PO-0000480,20251208,20251215,20251215.0,73,4,8,12,12,165.23,1982.76,7,False,True,True
481,PO-0000481,20251223,20251230,20251231.0,73,4,8,12,12,165.23,1982.76,8,False,True,True
482,PO-0000482,20251112,20251124,20251119.0,74,17,3,10,10,64.4,644.0,7,False,True,True
483,PO-0000483,20250903,20250915,20250913.0,75,28,2,10,10,27.25,272.5,10,False,True,True
484,PO-0000484,20251222,20251231,,75,28,2,10,0,27.25,272.5,10,False,False,False
485,PO-0000485,20251023,20251104,20251030.0,75,28,5,10,10,27.25,272.5,7,False,True,True
486,PO-0000486,20250923,20250930,20251003.0,76,14,7,10,10,53.58,535.8,10,False,True,True
487,PO-0000487,20250903,20250923,20250912.0,77,25,1,59,50,111.38,6571.42,9,False,False,False
488,PO-0000488,20250924,20251014,20251014.0,77,25,1,59,59,111.38,6571.42,20,False,True,True
489,PO-0000489,20251024,20251113,20251108.0,77,25,1,59,59,111.38,6571.42,15,False,True,True
490,PO-0000490,20251114,20251204,20251227.0,77,25,1,59,59,111.38,6571.42,43,True,True,False
491,PO-0000491,20251228,20251231,,77,25,1,59,0,111.38,6571.42,15,False,False,False
492,PO-0000492,20250903,20250923,20250923.0,77,25,4,59,59,111.38,6571.42,20,False,True,True
493,PO-0000493,20250928,20251018,20251004.0,77,25,4,59,59,111.38,6571.42,6,False,True,True
494,PO-0000494,20251021,20251110,20251122.0,77,25,4,59,59,111.38,6571.42,32,True,True,False
495,PO-0000495,20251123,20251213,20251206.0,77,25,4,59,59,111.38,6571.42,13,False,True,True
496,PO-0000496,20251209,20251229,,77,25,4,59,0,111.38,6571.42,28,False,False,False
497,PO-0000497,20250903,20250923,20251001.0,78,18,7,10,10,111.9,1119.0,28,True,True,False
498,PO-0000498,20251026,20251115,20251126.0,78,18,7,10,10,111.9,1119.0,31,False,True,True
499,PO-0000499,20251231,20251231,,78,18,7,10,0,111.9,1119.0,17,True,False,False
500,PO-0000500,20250906,20250926,20250926.0,80,11,5,10,10,87.83,878.3,20,False,True,True
